mp_id,export_kwh_total,export_days_frac,export_offsolar_over_import,export_offsolar_days_frac,export_flat_plateau_frac,export_bursts_per_day,export_max_kw,export_max_over_mean_import,export_summer_winter_flatness,import_zero_hours_night,import_night_charge_kw_over_mean,import_night_charge_flatness,import_night_charge_persistence,import_evening_peak_suppression,import_ramp_events_night,import_zero_hours_midday_allyear,import_seasonal_flatness,import_midday_night_ratio_allyear,daily_activity_cycles,self_consumption_shift_score,n_days,n_summer_days,n_winter_days,has_export_register,has_real_export,has_offsolar_export,export_max_raw_kw,mean_import_kw,n_negative_raw
159232,1958.3600,0.1319,0.0000,0.0000,0.2108,0.1941,11.1004,18.0537,-6.9710,1.2245,1.2165,0.4206,0.0049,-0.0253,1.0916,1.3653,-0.4332,1.3532,3.4615,0.4239,273,92,120,1,1,0,11.8120,0.6149,0
174336,0.0000,0.0000,0.0000,0.0000,0.0000,0.0000,0.0000,0.0000,-0.0000,0.0000,0.0000,1.0000,0.0000,-0.1501,0.0645,0.0000,-0.0000,0.0000,0.0323,0.0000,31,31,0,1,0,0,0.0000,0.1974,0
28930,504.9960,0.0071,0.0000,0.0063,0.1274,0.0551,0.0000,0.0000,-4.0213,0.0075,2.4323,1.3318,0.5036,-0.4529,6.5567,0.0429,-0.2492,0.4794,2.6898,0.0727,1270,461,420,1,0,0,11.0520,1.1882,0
97794,17870.9668,0.6073,0.0001,0.0023,0.2464,1.1453,8.5664,65.7602,-3.6425,5.5579,2.1088,0.4154,0.1456,-0.4117,0.0942,6.1375,-0.6617,1.2131,1.3246,0.1615,881,338,269,1,1,0,9.2640,0.1303,0
126213,16917.4648,0.7470,0.0106,0.4731,0.1386,3.2669,10.8470,17.4837,-4.0429,3.3781,3.6174,0.5316,0.4876,0.4306,7.8354,6.1627,-3.2585,0.2401,4.7331,0.5823,577,215,179,1,1,1,12.3800,0.6204,0
139013,14244.9189,0.8556,0.0072,0.5033,0.1320,4.3698,12.7580,18.2979,-3.9502,2.8059,4.2405,1.0091,0.3779,0.2062,6.1882,4.4060,-3.2076,0.4052,5.8053,0.4891,457,215,120,1,1,1,14.3440,0.6972,0
154629,1906.7440,0.4770,0.0000,0.0033,0.3737,1.2632,3.9672,8.0389,-5.5732,2.7544,2.5717,0.9511,0.4190,0.1376,13.2928,5.5289,-2.6841,0.3686,6.7336,0.4566,304,92,120,1,1,0,4.5720,0.4935,0
162821,4235.8291,0.2810,0.0000,0.0000,0.1520,0.6405,18.7064,8.7756,-0.5084,2.0816,2.1846,1.2516,0.2128,-0.0304,12.9739,2.3883,-0.4796,1.0138,3.5621,0.6823,153,92,0,1,1,0,18.8800,2.1316,0
48901,320.0670,0.0323,0.0000,0.0015,0.2289,0.0515,0.0000,0.0000,-3.5756,0.0331,2.2650,1.4156,0.3892,-0.3212,3.8086,0.2411,-0.1247,0.7227,2.2022,0.3213,1301,461,420,1,0,0,4.0760,0.8304,0
60933,19560.3770,0.7976,0.0003,0.0370,0.1949,2.4866,7.8022,7.1959,-2.8406,0.0920,3.1957,0.8856,0.4153,-0.2356,5.7669,4.5240,-2.5234,0.4532,4.1961,0.6107,1270,461,420,1,1,1,8.9640,1.0843,0
139014,9802.7471,0.8249,0.0001,0.0109,0.1733,3.3698,11.6060,13.8214,-3.3482,2.2892,3.2744,0.9812,0.3502,0.0734,7.6433,4.4178,-1.0169,0.3175,6.1028,0.3306,457,215,120,1,1,0,12.9080,0.8397,0
149254,18192.2949,0.7562,0.0000,0.0000,0.1574,1.5260,20.8630,15.7498,-2.7967,0.0543,3.9533,1.0182,0.3739,-0.1426,11.4493,4.4333,-2.4044,0.2789,3.7370,0.4393,365,123,120,1,1,0,21.8720,1.3246,0
97798,17138.9824,0.7039,0.0000,0.0022,0.1814,1.3980,8.4792,28.5049,-4.2648,0.1493,4.4639,0.6729,0.3665,0.1680,7.7708,5.6818,-3.1659,0.2363,4.2851,0.4444,912,338,300,1,1,0,9.7840,0.2975,0
154632,4021.4180,0.6316,0.0000,0.0033,0.2499,1.6875,7.8568,15.1186,-4.0329,3.7711,4.3477,0.7795,0.4965,0.2509,12.4868,5.2219,-3.2890,0.1788,6.0559,0.4031,304,92,120,1,1,0,8.5880,0.5197,0
154633,4029.6812,0.9145,0.0021,0.4605,0.0994,7.0691,8.4048,9.3753,-3.4001,2.4824,4.5720,0.7811,0.3134,-0.3675,13.6743,3.8816,-2.1617,0.2898,10.5428,0.3737,304,92,120,1,1,1,9.3880,0.8965,0
48393,28256.6055,0.7236,0.0000,0.0000,0.1759,1.4331,11.6306,12.6066,-3.1646,0.4356,3.0222,0.9337,0.3535,-0.4367,12.0646,3.9519,-2.7524,0.4500,4.8165,0.5276,1270,461,420,1,1,0,12.9920,0.9226,0
65289,16221.3408,0.5661,0.0000,0.0016,0.2125,1.1772,7.7746,7.3838,-5.5398,3.3185,3.5873,0.8697,0.4268,0.3467,11.5417,5.7844,-3.4471,0.3596,4.0732,0.5392,1270,461,420,1,1,0,9.2000,1.0529,0
65290,10297.8232,0.6307,0.0002,0.0157,0.2517,1.5677,5.4600,23.9880,-2.7551,2.1223,5.4810,1.0357,0.3812,0.3078,6.5063,5.6667,-2.1699,0.2916,3.8346,0.3988,1270,461,420,1,1,0,6.3360,0.2276,0
126475,11807.6104,0.8333,0.0009,0.1960,0.1635,3.1337,9.0678,14.4275,-3.4094,0.2288,4.5096,0.8037,0.5096,0.4016,3.2454,5.1025,-0.8374,0.0716,4.8480,0.4590,546,215,148,1,1,1,10.0600,0.6285,0
154635,5898.7529,0.6941,0.0001,0.0099,0.2672,1.8783,8.8440,22.3232,-3.8274,4.4956,3.6533,0.8079,0.3803,0.3500,10.2401,5.4684,-4.4216,0.2882,5.8487,0.4252,304,92,120,1,1,0,9.4800,0.3962,0
168971,2862.1970,0.7826,0.0061,0.0109,0.1949,1.4565,9.3512,460.2119,-0.0000,7.1458,0.4812,0.5354,0.0000,0.9079,0.0000,7.5274,-0.0000,1.2563,1.4565,-0.3050,92,92,0,1,1,0,9.4960,0.0203,0
61197,0.0000,0.0000,0.0000,0.0000,0.0000,0.0000,0.0000,0.0000,-0.0000,0.0000,1.8479,0.7590,0.0856,-0.8993,9.7241,0.0000,-0.7524,1.2911,3.3597,0.0000,1301,461,420,1,0,0,0.0000,1.6174,0
94991,0.0000,0.0000,0.0000,0.0000,0.0000,0.0000,0.0000,0.0000,-0.0000,4.2377,5.8695,0.3655,0.1293,0.2458,2.9713,4.1454,-3.3184,1.3598,0.5729,0.0000,974,338,331,1,0,0,0.0000,0.4422,0
110865,0.0000,0.0000,0.0000,0.0000,0.0000,0.0000,0.0000,0.0000,-0.0000,0.0625,3.0918,1.2311,0.4825,0.1220,4.0092,0.0722,-0.4542,0.4727,1.8226,0.0000,761,277,240,1,0,0,0.0000,0.8195,0
120594,21789.3594,0.8793,0.0072,0.2884,0.1295,1.9091,11.0406,26.6109,-2.8203,0.1556,2.7753,0.6503,0.2591,-0.6298,4.1489,5.2516,-1.9225,0.5830,3.1724,0.6425,638,215,240,1,1,1,12.5880,0.4149,0
147474,1952.1810,0.5455,0.0001,0.0126,0.2207,1.9520,5.4472,8.9054,-4.7014,0.2083,4.1106,0.6097,0.3880,0.0671,3.3384,2.6660,-2.0255,0.3125,3.2854,0.2861,396,154,120,1,1,0,6.6000,0.6117,0
165138,0.0000,0.0000,0.0000,0.0000,0.0000,0.0000,0.0000,0.0000,-0.0000,0.0000,0.6547,0.4630,0.0000,-0.3850,0.0410,0.0000,-0.0316,1.9522,0.0164,0.0000,122,92,0,1,0,0,0.0000,0.1801,0
93459,30304.1406,0.8088,0.0036,0.3032,0.1501,3.6321,13.2000,21.8717,-2.7836,0.5565,3.7791,0.7563,0.4043,0.2030,7.7986,4.2435,-3.0960,0.3503,5.5385,0.4434,973,338,361,1,1,1,13.6040,0.6035,0
170516,1873.5590,0.8689,0.0001,0.0164,0.1621,1.8852,7.0632,33.9351,-0.0000,0.4231,2.1381,0.5596,0.1731,-0.4713,0.4426,7.0236,-0.0000,1.7669,2.1148,0.1715,61,61,0,1,1,0,7.2720,0.2081,0
105237,0.0000,0.0000,0.0000,0.0000,0.0000,0.0000,0.0000,0.0000,-0.0000,0.0000,2.0187,0.7655,0.1622,0.0649,5.4428,0.0000,-0.2169,0.8996,2.1156,0.0000,822,338,240,1,0,0,0.0000,1.0721,0
166421,8504.1348,0.8852,0.0320,0.5000,0.1027,1.1230,13.3666,64.4714,-0.1411,1.9416,6.4391,0.4040,0.1589,0.0034,2.7869,6.8241,-0.1975,0.1889,2.0164,0.0921,122,92,0,1,1,1,14.1120,0.2073,0
117270,22546.0645,0.7754,0.0004,0.0988,0.1612,1.9281,19.2096,4.8066,-3.5493,0.0265,1.6884,0.7977,0.0918,-0.1375,15.6617,3.1226,-2.0170,1.1111,4.3249,0.5189,668,215,240,1,1,1,24.4200,3.9965,0
122134,22419.3906,0.7398,0.0001,0.0078,0.2372,1.7853,14.1600,40.6130,-3.9152,5.4355,4.9260,0.6144,0.3431,0.1781,6.2774,6.4882,-4.4703,0.1682,3.6912,0.4000,638,215,240,1,1,0,14.9320,0.3487,0
95510,11516.4600,0.6703,0.0011,0.1683,0.1563,2.2161,7.6280,5.1370,-5.2465,0.0930,2.2652,0.6299,0.2541,-0.3445,11.1106,3.4938,-2.4606,0.8294,4.1245,0.6171,1004,338,361,1,1,1,9.5000,1.4849,0
169752,0.0000,0.0000,0.0000,0.0000,0.0000,0.0000,0.0000,0.0000,-0.0000,0.0000,1.0291,0.4004,0.0000,-0.3307,5.0435,0.0000,-0.0000,1.5362,3.8804,0.0000,92,92,0,1,0,0,0.0000,1.0292,0
168217,2984.3020,0.9239,0.0000,0.0000,0.1312,1.5978,8.1164,293.2101,-0.0000,7.6250,0.4477,0.2913,0.0116,0.5441,0.0870,7.4477,-0.0000,1.8391,1.6196,-0.0019,92,92,0,1,1,0,8.3680,0.0277,0
137754,5289.4619,0.6783,0.0000,0.0000,0.2200,1.5974,6.3328,10.0905,-4.5006,4.2991,3.6036,0.9623,0.3725,0.4508,5.5667,5.4312,-3.8219,0.5337,2.9081,0.5259,457,215,120,1,1,0,6.8400,0.6276,0
97562,6545.0220,0.6708,0.0000,0.0011,0.2331,1.6924,5.3956,22.3484,-3.7911,4.6220,2.9754,0.6532,0.2976,-1.8140,2.0341,5.9957,-1.2253,0.5771,3.0238,0.1802,881,338,269,1,1,0,6.2000,0.2414,0
135709,10593.3691,0.7440,0.0000,0.0022,0.1763,1.7856,9.1230,7.0539,-3.7219,0.9571,4.9884,0.5784,0.2901,0.4431,12.1203,5.1817,-1.9295,0.3682,3.7615,0.5588,457,215,120,1,1,0,9.9280,1.2933,0
165917,0.0000,0.0000,0.0000,0.0000,0.0000,0.0000,0.0000,0.0000,-0.0000,5.3668,0.6422,0.8621,0.0000,0.1665,0.0000,3.9745,-0.1484,3.0146,0.0000,0.0000,122,92,0,1,0,0,0.0000,0.0380,0
109854,6058.4712,0.6329,0.0009,0.1355,0.1962,3.2671,5.7068,9.6846,-3.9487,2.0693,2.5424,1.2451,0.3738,-0.1797,9.2658,4.1928,-1.9838,0.4524,6.4737,0.6057,760,307,240,1,1,1,6.5880,0.5893,0
173599,1635.5250,0.5806,0.0762,0.5484,0.1604,0.6129,15.0726,190.4043,-0.0000,0.7206,2.1140,1.1216,0.8235,0.1596,1.3226,7.9265,-0.0000,0.0016,1.0645,-0.6273,31,31,0,1,1,1,15.2120,0.0792,0
59424,0.0000,0.0000,0.0000,0.0000,0.0000,0.0000,0.0000,0.0000,-0.0000,0.5953,0.8329,0.4786,0.0212,0.1296,0.0999,0.2039,-0.1227,2.9762,0.0192,0.0000,1301,461,420,1,0,0,0.0000,0.0976,0
95009,14747.2188,0.6755,0.0000,0.0000,0.2386,2.4878,9.2560,11.1961,-5.1584,3.0064,3.0100,0.8154,0.4412,0.1676,12.1527,4.5398,-3.2037,0.4640,5.8537,0.6040,943,338,331,1,1,0,10.3920,0.8267,0
151842,9540.6289,0.8323,0.0007,0.2246,0.1453,3.3952,13.4812,15.3025,-3.9531,0.3433,2.9249,1.0115,0.3668,0.1563,8.5629,4.3344,-4.1729,0.4881,6.0240,0.4505,334,92,120,1,1,1,14.6360,0.8810,0
121379,13862.6230,0.7915,0.0103,0.3605,0.1199,3.1708,12.0082,9.6107,-3.6739,1.6105,2.4320,0.9410,0.4160,0.0845,14.8574,4.9593,-1.8476,0.4454,8.2132,0.5611,638,215,240,1,1,1,13.2920,1.2495,0
101669,17589.6855,0.8850,0.0001,0.0063,0.1679,1.6068,7.7712,16.1836,-3.0556,0.0524,2.1352,0.3733,0.1086,-0.5050,0.9102,4.7503,-2.6779,1.3578,2.2288,0.6056,791,338,240,1,1,0,8.9720,0.4802,0
64806,20812.7188,0.9748,0.0090,0.2165,0.1044,1.5354,5.5400,41.3723,-2.2797,0.1644,1.4603,0.3653,0.0339,-1.5174,0.0976,6.6084,-1.0661,0.3089,1.5583,0.5762,1270,461,420,1,1,1,6.4600,0.1339,0
124456,21148.4590,0.7331,0.0001,0.0000,0.2072,1.8562,14.3004,31.4726,-4.3930,5.0582,5.5328,0.4573,0.3073,0.0023,2.3951,5.5641,-4.5191,0.2513,2.4662,0.4705,577,215,179,1,1,0,16.1640,0.4544,0
59944,25414.6621,0.9543,0.0004,0.1591,0.1202,1.8268,6.8226,5.5895,-1.8000,0.0575,5.7881,0.8966,0.3830,-0.7528,6.4945,5.0822,-1.6298,0.1017,4.3189,0.4972,1270,461,420,1,1,1,7.6120,1.2206,0
131369,6350.7671,0.6464,0.0002,0.0676,0.1880,3.2097,7.9880,7.5580,-5.3777,2.7581,3.3424,0.6877,0.3603,-0.0016,7.2270,3.1948,-2.4903,0.4653,4.6274,0.4622,577,215,179,1,1,1,9.0760,1.0569,0
153129,5058.6392,0.6944,0.0001,0.0631,0.1379,2.0354,7.4702,5.4580,-1.8317,0.0380,2.4153,0.9695,0.1881,-0.4359,10.5631,3.5644,-1.6885,1.0125,4.4444,-0.0611,396,154,120,1,1,1,7.9360,1.3687,0
116778,20038.2598,0.9431,0.0028,0.2290,0.1221,2.2500,10.0598,15.8570,-2.2627,0.1537,2.4750,0.8792,0.3417,-0.8699,11.8174,5.6589,-1.8501,0.3152,6.2395,0.5907,668,215,240,1,1,1,11.1280,0.6344,0
139818,22164.7305,0.7484,0.0000,0.0000,0.1670,1.2801,16.9128,24.4437,-3.1695,4.4516,7.8350,0.7052,0.2051,0.3874,2.4267,6.5244,-4.9590,0.3718,2.4967,0.5141,457,215,120,1,1,0,18.8920,0.6919,0
171818,3640.4509,0.6393,0.7414,0.6066,0.2751,1.2459,12.4288,621.4400,-0.0000,7.6603,0.7064,0.4626,0.0256,-0.4372,0.1639,7.8910,-0.0000,0.0788,1.2623,-0.3552,61,61,0,1,1,1,12.8760,0.0140,0
62250,55218.2891,0.9772,0.0017,0.2591,0.1015,1.4614,16.8928,13.3084,-2.2488,0.1108,8.5447,0.5762,0.3552,-0.1636,4.1268,5.4169,-2.9029,0.0789,3.3346,0.4767,1270,461,420,1,1,1,19.1120,1.2693,0
116779,22575.8418,0.7410,0.0000,0.0000,0.1895,1.6302,16.7440,50.4300,-2.9657,4.4031,2.8651,0.7970,0.4085,0.2868,2.5614,5.2332,-3.4386,0.4598,4.0015,0.4943,668,215,240,1,1,0,19.6320,0.3320,0
121131,12208.5449,0.8056,0.0459,0.5878,0.1602,4.2022,10.5218,68.8388,-2.1811,5.7362,3.1069,0.4620,0.2512,0.0570,0.3307,5.8683,-2.7615,1.2699,4.5517,0.1802,638,215,240,1,1,1,14.2200,0.1528,0
159275,0.0000,0.0000,0.0000,0.0000,0.0000,0.0000,0.0000,0.0000,-0.0000,0.6510,1.5867,1.3308,0.4155,-0.5692,2.4280,7.9952,-0.4734,0.0002,2.0576,0.0000,243,92,90,1,0,0,0.0000,0.3673,0
173867,259.9030,0.3226,0.0023,0.0323,0.1152,1.2258,7.9064,141.7688,-0.0000,5.4722,8.5720,0.6546,0.2222,-0.0397,0.2581,6.4167,-0.0000,0.1889,1.3548,-0.2145,31,31,0,1,1,1,8.0000,0.0558,0
47403,15721.9248,0.7543,0.0000,0.0000,0.2006,1.8386,7.2182,12.0774,-2.5735,2.8339,3.7823,0.8464,0.4499,0.1974,9.5969,6.0215,-2.9564,0.2377,4.6630,0.4572,1270,461,420,1,1,0,8.6320,0.5977,0
64811,8788.7529,0.7063,0.0000,0.0063,0.2127,2.0213,4.5022,6.8909,-2.7052,0.0450,3.1153,0.7155,0.2585,-0.6124,6.6157,3.8303,-1.7063,0.4015,4.2724,0.4757,1270,461,420,1,1,0,5.0800,0.6534,0
62764,34759.7305,0.9063,0.0028,0.2331,0.1321,1.9331,9.6420,19.8708,-2.0996,0.9883,3.4787,0.4728,0.3870,-0.2444,5.7984,5.2012,-2.2696,0.2799,4.0551,0.6256,1270,461,420,1,1,1,9.7920,0.4852,0
93740,13188.6367,0.6650,0.0000,0.0000,0.2502,1.5509,9.6360,22.0035,-2.9646,3.9861,3.2853,1.0813,0.3821,0.1726,3.3515,5.9050,-3.1242,0.3956,2.8201,0.4875,973,338,361,1,1,0,9.8000,0.4379,0
96812,20628.6992,0.7686,0.0022,0.1173,0.1663,3.0219,8.8760,18.2744,-4.9171,4.2518,4.4837,0.9035,0.3545,0.2484,7.3268,4.9900,-3.2391,0.4140,4.9276,0.4878,912,338,300,1,1,1,10.0320,0.4857,0
87853,11547.8115,0.7099,0.0000,0.0058,0.2354,2.0242,7.6612,22.5298,-2.4122,4.1877,3.7495,0.8083,0.2810,-0.2557,2.9014,5.4441,-2.5939,0.4154,3.0542,0.4475,1034,338,361,1,1,0,8.7200,0.3400,0
93741,19083.7520,0.7620,0.0004,0.0538,0.2138,2.2819,9.0900,20.6087,-2.4764,4.6651,5.1297,0.8797,0.3989,0.3711,4.8705,6.2368,-4.3050,0.2246,3.4880,0.4272,1004,338,361,1,1,1,10.2840,0.4411,0
96814,25742.8516,0.7928,0.0003,0.0384,0.1888,2.8882,9.8760,25.3238,-3.8858,3.6784,4.8679,0.8972,0.3833,0.3083,5.7621,5.4002,-3.8862,0.2045,4.4682,0.4784,912,338,300,1,1,1,10.4920,0.3900,0
116783,5396.7622,0.5284,0.0000,0.0000,0.1798,1.2425,6.4476,9.3255,-4.5275,2.9272,4.6248,1.1306,0.2555,0.2439,8.0344,6.1129,-1.9105,0.2877,4.2036,0.3074,668,215,240,1,1,0,7.3720,0.6914,0
144176,7263.1001,0.5674,0.0000,0.0000,0.1394,1.3092,9.6632,16.0555,-3.5616,2.1823,4.6184,1.3626,0.5468,0.3429,10.0839,5.8426,-1.9352,0.1011,4.4918,0.2440,608,215,210,1,1,0,10.6920,0.6019,0
134962,9256.9453,0.7187,0.0004,0.0575,0.2071,2.6632,8.2672,19.2922,-3.8111,4.1708,3.6717,0.7598,0.4174,0.3223,9.3532,5.6130,-2.5507,0.2947,5.9610,0.5403,487,215,120,1,1,1,9.3880,0.4285,0
156980,0.0420,0.0000,0.0000,0.0000,1.0000,0.0110,0.0000,0.0000,-0.0173,0.0000,1.0332,0.4443,0.0000,-0.1642,1.8315,0.0000,-0.1705,1.3757,1.2491,0.0000,273,92,120,1,0,0,0.0600,0.3500,0
66613,19576.9922,0.9102,0.0030,0.2339,0.1420,2.8449,8.5000,11.9010,-3.0478,2.1498,3.0925,1.2959,0.3428,-0.2071,5.4339,4.7498,-1.5420,0.3307,4.8614,0.2541,1270,461,420,1,1,1,9.6160,0.7142,0
101174,22841.5488,0.7958,0.0002,0.0458,0.1500,2.1631,11.8564,17.9850,-1.9655,2.6601,2.7038,1.0920,0.3631,0.0519,7.7230,5.5006,-2.4870,0.4007,4.5739,0.5735,852,338,240,1,1,1,12.3040,0.6592,0
124214,7682.5610,0.7626,0.0252,0.5494,0.1174,2.5286,5.7880,15.3258,-2.7549,3.2089,4.2400,1.1322,0.4141,0.2669,5.6655,5.8657,-3.1254,0.3418,4.3692,0.6045,577,215,179,1,1,1,5.8440,0.3777,0
125494,8177.3521,0.7161,0.0041,0.0055,0.2396,1.8846,7.3304,62.5068,-3.3298,5.8750,6.6702,0.5288,0.2481,0.1575,0.5293,6.3330,-3.6170,0.4749,2.2106,0.4133,546,215,148,1,1,0,8.7120,0.1173,0
124215,11336.4111,0.6620,0.0001,0.0156,0.2318,1.5390,9.6256,14.1139,-3.9485,3.2676,3.8258,0.8743,0.4376,0.2864,13.6101,5.4847,-2.8341,0.3019,5.6274,0.5438,577,215,179,1,1,0,10.4160,0.6820,0
48183,0.0000,0.0000,0.0000,0.0000,0.0000,0.0000,0.0000,0.0000,-0.0000,0.0000,0.9573,0.6130,0.0069,-0.7406,1.8578,0.0000,-0.3022,1.6715,0.9078,0.0000,1301,461,420,1,0,0,0.0000,0.4131,0
79415,24584.2168,0.6585,0.0000,0.0000,0.1709,0.8373,9.4860,17.0167,-3.9728,3.8197,5.2420,0.6293,0.4432,0.4675,6.0483,6.7076,-4.3776,0.1741,2.3847,0.4853,1180,461,361,1,1,0,10.9920,0.5575,0
101176,7659.1318,0.5888,0.0000,0.0033,0.2584,1.5581,5.5004,27.4103,-3.4957,0.0495,5.0878,0.4344,0.3264,-0.2656,0.7061,4.6227,-1.6517,0.2821,2.1382,0.3280,912,338,300,1,1,0,5.7880,0.2007,0
36920,27565.9668,0.9102,0.0006,0.1496,0.1394,2.9346,7.9582,12.8460,-1.8480,0.1102,2.8563,0.7215,0.3866,0.1684,11.8913,4.9188,-1.7254,0.4804,6.6693,0.5900,1270,461,420,1,1,1,8.3800,0.6195,0
82232,15974.3975,0.6880,0.0000,0.0073,0.1923,1.8294,9.7760,18.7285,-2.7529,3.8313,3.5466,0.7278,0.3410,0.0806,8.7345,4.7305,-1.9176,0.4491,4.3978,0.3903,1096,400,361,1,1,0,9.8240,0.5220,0
136761,0.0000,0.0000,0.0000,0.0000,0.0000,0.0000,0.0000,0.0000,-0.0000,3.3996,0.8134,0.7436,0.0179,-2.2395,0.0875,2.8101,-0.2003,1.2516,0.0372,0.0000,457,215,120,1,0,0,0.0000,0.0774,0
147257,9062.9531,0.7045,0.0000,0.0000,0.2187,1.0480,10.6952,107.9085,-3.2134,6.5647,4.5748,0.3257,0.1941,0.6648,0.1237,7.2184,-5.1073,0.4462,1.3586,0.2521,396,154,120,1,1,0,11.6200,0.0991,0
120634,25273.5801,0.8150,0.0000,0.0125,0.2219,1.7304,14.5048,7.4716,-2.9281,4.8659,6.5162,1.0237,0.6266,0.9063,4.8260,6.6080,-2.8262,0.0102,2.6442,0.3634,638,215,240,1,1,0,15.0920,1.9413,0
163386,0.0000,0.0000,0.0000,0.0000,0.0000,0.0000,0.0000,0.0000,-0.0000,0.0000,1.4056,1.1719,0.0219,-0.3761,10.8889,0.0000,-0.0080,0.9685,1.7974,0.0000,153,92,0,1,0,0,0.0160,2.8268,0
27195,0.0000,0.0000,0.0000,0.0000,0.0000,0.0000,0.0000,0.0000,-0.0000,0.9075,3.2823,1.0892,0.1916,0.0982,5.1068,0.7697,-0.9611,0.8702,1.6303,0.0000,1301,461,420,1,0,0,0.0000,0.7540,0
138044,20812.2148,0.8578,0.0001,0.0263,0.1696,1.9716,14.0096,21.7244,-2.1584,0.1043,3.9782,0.2928,0.4535,0.2412,8.0284,5.1883,-3.4243,0.2450,2.8403,0.6493,457,215,120,1,1,1,15.3880,0.6449,0
107581,3609.5879,0.4313,0.0000,0.0000,0.2753,0.5970,3.5728,4.6755,-4.2512,2.8921,2.9245,0.8036,0.4179,0.4220,10.1260,5.2578,-2.4606,0.5066,3.5607,0.4048,881,338,269,1,1,0,3.8080,0.7642,0
121149,25619.2422,0.8527,0.0010,0.1583,0.1452,3.2884,15.8680,36.2429,-3.4920,0.5187,3.8357,0.6525,0.4172,0.0870,6.0455,4.9452,-3.4124,0.2480,5.0878,0.4036,638,215,240,1,1,1,18.4000,0.4378,0
131646,0.0000,0.0000,0.0000,0.0000,0.0000,0.0000,0.0000,0.0000,-0.0000,0.0000,2.5627,0.4713,0.2272,-0.0288,3.7143,0.0000,-1.6938,1.1405,1.2761,0.0000,518,215,120,1,0,0,0.0000,0.7625,0
156990,0.4780,0.0000,0.0000,0.0000,0.9833,0.1172,0.0586,0.2737,-0.0034,0.0000,0.8373,0.7256,0.0000,-0.2313,1.8132,0.0000,-0.0470,1.6403,1.0366,0.0532,273,92,120,1,0,0,0.0760,0.2141,0
167230,5491.7861,0.4434,0.0976,0.2642,0.1987,1.6038,9.7800,489.0000,-7.9789,6.5645,1.6557,1.0059,0.0860,0.0897,0.0377,7.2686,-4.5303,0.2754,1.6085,-0.5938,212,92,59,1,1,1,10.3680,0.0191,0
128319,118.8700,0.2582,0.0000,0.0033,0.2485,0.6480,0.1938,0.0978,-1.6931,0.8571,2.0513,0.7820,0.2368,-0.1461,10.4309,1.8826,-0.6351,0.7415,2.8750,0.2210,608,215,210,1,1,0,4.7080,1.9818,0
156991,0.0000,0.0000,0.0000,0.0000,0.0000,0.0000,0.0000,0.0000,-0.0000,0.0000,1.2691,1.0820,0.0000,-0.4246,3.0842,0.0000,-0.4025,2.7722,1.3736,0.0000,273,92,120,1,0,0,0.0000,0.5020,0
110144,41293.1953,0.6743,0.0012,0.1265,0.1511,1.2420,18.6290,13.7059,-2.4042,0.0695,2.7586,0.5908,0.4298,-0.4706,4.9163,5.6743,-1.8934,0.1835,2.8894,0.1447,1004,338,361,1,1,1,21.4240,1.3592,0
149313,6447.6460,0.9096,0.0002,0.0630,0.1022,2.0000,7.5910,7.2611,-2.1281,0.0428,3.1274,0.7926,0.3942,-0.5072,18.0110,4.0391,-1.2602,0.2767,6.7589,0.3633,365,123,120,1,1,1,9.3400,1.0454,0
93249,0.0000,0.0000,0.0000,0.0000,0.0000,0.0000,0.0000,0.0000,-0.0000,0.0000,2.2514,0.8659,0.2371,-0.2993,18.2709,0.0000,-0.8242,0.6289,4.5966,0.0000,1004,338,361,1,0,0,0.0000,1.7550,0
153410,0.0000,0.0000,0.0000,0.0000,0.0000,0.0000,0.0000,0.0000,-0.0000,0.0000,2.4724,0.1815,0.3085,-0.1748,11.5066,0.0000,-2.9843,0.8564,1.2171,0.0000,304,92,120,1,0,0,0.0000,5.6366,0
161858,5169.4111,0.8343,0.0001,0.0110,0.1774,1.4530,8.2780,27.2245,-4.0889,4.6677,6.7140,0.6406,0.4968,0.7747,4.6961,6.5581,-0.0448,0.0526,2.8729,0.3458,181,92,28,1,1,0,9.1400,0.3041,0
150083,5231.8818,0.5699,0.0000,0.0027,0.2390,2.2877,9.3960,6.3548,-5.6295,3.3353,3.3957,0.5755,0.3709,0.2354,9.0795,3.8175,-4.6425,0.4694,3.8082,0.4913,365,123,120,1,1,0,10.6080,1.4786,0
96067,7030.0918,0.5697,0.0000,0.0040,0.2654,2.1992,7.1472,4.6429,-3.3319,0.6623,2.5318,0.8411,0.4120,0.1536,14.1843,3.1197,-1.0244,0.3316,4.7072,0.3854,1004,338,361,1,1,0,7.6800,1.5394,0
162628,2879.9021,0.8824,0.0000,0.0000,0.2212,1.5948,5.4288,271.4400,-0.2213,7.5972,3.1271,0.3795,0.0694,0.5997,0.2092,7.9149,-0.2744,0.0534,1.6471,0.0430,153,92,0,1,1,0,5.9880,0.0163,0
131910,13227.9893,0.7762,0.0002,0.0452,0.2469,2.6920,10.9120,12.7299,-3.8408,3.9685,7.8056,0.9991,0.3409,-0.2399,4.4456,6.0335,-1.1243,0.1204,4.4846,0.2959,487,215,120,1,1,1,12.3200,0.8572,0
105543,42605.8203,0.9191,0.0053,0.5120,0.0975,5.0796,19.8772,32.7234,-2.8599,3.2132,4.9357,0.8400,0.4054,-0.5317,5.6953,5.6953,-3.7479,0.1278,6.1820,0.3117,791,338,240,1,1,1,22.9440,0.6074,0
142407,4629.8789,0.5939,0.0000,0.0000,0.2308,1.0047,5.6324,5.8583,-4.9698,2.9046,5.2393,0.8565,0.4132,-0.3783,6.1549,6.0489,-2.2409,0.2116,3.1479,0.3928,426,184,120,1,1,0,6.3480,0.9614,0
149575,6830.7998,0.5781,0.0000,0.0027,0.2730,1.0493,9.6920,18.8310,-4.0023,4.9380,2.8198,0.6669,0.2945,0.5408,6.7753,5.9293,-4.8736,0.8784,3.2438,0.4180,365,123,120,1,1,0,9.7200,0.5147,0
101195,15139.1338,0.7600,0.0000,0.0000,0.1806,1.7576,9.7440,16.3929,-3.5122,4.4173,3.3185,1.0679,0.3468,0.0385,11.4434,5.6418,-2.5676,0.5195,6.1608,0.4189,821,338,240,1,1,0,9.8280,0.5944,0
154700,2528.7681,0.5362,0.0000,0.0000,0.3230,1.1382,5.1408,14.0407,-4.7686,3.4657,1.5577,0.8581,0.0599,-1.5001,2.0461,5.6219,-1.2468,1.6549,2.0230,0.0741,304,92,120,1,1,0,5.8760,0.3661,0
162636,3869.2590,0.8235,0.0007,0.0065,0.2148,1.7647,11.0816,69.6664,-0.3393,6.8576,8.0197,0.5524,0.1528,0.1057,1.1046,6.7882,-2.9670,0.1384,2.1176,0.1665,153,92,0,1,1,0,12.1120,0.1591,0
162637,2290.4639,0.8562,0.0001,0.0065,0.2031,2.7124,8.3632,25.0662,-0.3200,3.8715,5.0504,0.6134,0.2431,-0.3245,1.3791,5.0694,-1.3678,0.2896,3.1830,0.2789,153,92,0,1,1,0,9.0040,0.3336,0
56399,27533.3008,0.6827,0.0009,0.0252,0.2081,1.2110,9.6120,31.9362,-4.0343,5.1940,5.6787,0.6698,0.3260,0.5649,3.1874,6.9641,-5.2091,0.1989,2.2748,0.4172,1270,461,420,1,1,1,11.4320,0.3010,0
136016,12196.2246,0.9716,0.0101,0.3457,0.1033,1.8687,9.3800,9.0368,-1.7588,0.1526,4.8482,0.8379,0.4209,-0.3369,14.8884,4.6183,-1.6595,0.1944,5.1182,0.4858,457,215,120,1,1,1,10.2960,1.0380,0
150096,4135.9731,0.5452,0.0000,0.0000,0.2765,1.2274,6.4652,13.0661,-3.9720,4.3182,3.0203,1.0022,0.3294,0.3710,4.6356,6.1847,-4.8581,0.4185,2.7699,0.4367,365,123,120,1,1,0,7.3920,0.4948,0
118609,15763.8721,0.6207,0.0000,0.0063,0.2195,1.3307,14.0046,8.7422,-4.8859,2.2841,4.7994,0.8969,0.5031,0.0251,12.2476,5.4357,-2.0517,0.0909,3.8730,0.4909,638,215,240,1,1,0,14.4400,1.6020,0
138577,18758.3457,0.9256,0.0007,0.0766,0.1556,1.6586,14.5232,54.2953,-1.4251,2.9025,2.2561,0.3861,0.4358,-0.7002,0.6805,6.3211,-1.2053,0.2303,3.1707,0.3942,457,215,120,1,1,1,15.6640,0.2675,0
111698,104366.1953,0.9726,2.1811,0.3781,0.1126,1.0110,38.1834,1599.0821,-1.6701,0.8975,2.0581,0.2039,0.9157,-0.4628,0.0000,7.8869,-0.7327,0.0042,1.0110,0.6437,730,277,240,1,1,1,40.4280,0.0239,0
126291,16649.8691,0.6677,0.0100,0.1228,0.2031,1.6647,9.5710,68.5928,-3.8900,6.0152,7.0992,0.8399,0.2381,0.3936,3.2919,6.6374,-3.2535,0.2694,3.0195,0.2613,668,215,240,1,1,1,9.7680,0.1395,0
119892,34050.2695,0.8307,0.0051,0.3307,0.1715,1.5549,14.2720,19.9442,-2.7228,0.1983,2.3277,0.8243,0.2006,-0.7431,4.9671,4.6583,-1.8958,0.7342,3.0846,0.5853,638,215,240,1,1,1,14.5000,0.7156,0
128853,0.0000,0.0000,0.0000,0.0000,0.0000,0.0000,0.0000,0.0000,-0.0000,0.0000,0.9079,0.8447,0.0020,-0.2946,2.8370,0.0000,-0.8538,2.6554,1.9286,0.0000,546,215,148,1,0,0,0.0000,1.3967,0
171608,52091.7422,0.5082,61366.8047,0.5082,0.1559,0.5164,127.9488,6397.4402,-0.2822,8.0000,0.0000,0.0000,0.0000,1.0000,0.0000,8.0000,-0.0000,0.0000,0.5164,0.0000,122,92,0,1,1,1,132.6960,0.0000,0
106074,17323.2930,0.6839,0.0024,0.1150,0.2541,3.2073,11.7184,12.7578,-3.8239,3.2314,3.3187,0.8559,0.4392,0.2500,8.6827,4.9899,-2.9448,0.3082,5.3527,0.4112,791,338,240,1,1,1,13.0920,0.9185,0
122202,6298.7329,0.4710,0.0000,0.0000,0.2238,1.5783,5.7616,10.7542,-2.7017,2.9444,4.4477,0.8782,0.5703,0.4245,7.0590,5.6324,-2.7453,0.1596,3.6219,0.2337,1034,338,361,1,1,0,6.7440,0.5358,0
123483,0.0000,0.0000,0.0000,0.0000,0.0000,0.0000,0.0000,0.0000,-0.0000,0.0000,2.0935,0.7538,0.1652,-0.1147,1.2050,0.0000,-0.2940,1.1022,1.4276,0.0000,912,338,269,1,0,0,0.0000,0.5370,0
33116,15528.3623,0.7772,0.0000,0.0063,0.1729,2.5583,6.9902,6.0352,-3.4448,0.1619,2.9644,1.0466,0.4137,-0.0271,9.3858,4.2760,-1.9186,0.3312,5.2102,0.4176,1270,461,420,1,1,0,7.9560,1.1582,0
106333,0.0000,0.0000,0.0000,0.0000,0.0000,0.0000,0.0000,0.0000,-0.0000,0.0000,0.8001,0.3100,0.0000,0.0755,0.3431,0.0000,-0.2850,2.2618,0.3747,0.0000,822,338,240,1,0,0,0.0000,0.4130,0
162909,0.0000,0.0000,0.0000,0.0000,0.0000,0.0000,0.0000,0.0000,-0.0000,0.9557,2.3606,0.6145,0.7163,0.1282,1.9794,8.0000,-7.9720,0.0000,1.1646,0.0000,243,92,90,1,0,0,0.0000,0.7087,0
27485,0.0000,0.0000,0.0000,0.0000,0.0000,0.0000,0.0000,0.0000,-0.0000,0.0000,2.3878,1.4691,0.3468,-0.0436,3.4965,0.0002,-0.0709,0.6909,1.7502,0.0000,1301,461,420,1,0,0,0.0000,0.7378,0
106334,0.0000,0.0000,0.0000,0.0000,0.0000,0.0000,0.0000,0.0000,-0.0000,0.0000,0.5268,0.6281,0.0013,-0.6050,0.5219,0.0000,-0.3023,5.7935,0.2701,0.0000,822,338,240,1,0,0,0.0000,0.5613,0
162910,0.0000,0.0000,0.0000,0.0000,0.0000,0.0000,0.0000,0.0000,-0.0000,0.9557,2.2353,0.7308,0.5887,0.0632,1.9383,7.9876,-7.4360,0.0018,1.1646,0.0000,243,92,90,1,0,0,0.0000,0.4096,0
106079,27905.9414,0.6789,0.0000,0.0038,0.2696,1.2630,13.1882,33.0618,-3.9431,0.2301,5.3347,0.5232,0.3297,0.0588,2.8268,5.1402,-3.8306,0.2038,1.9191,0.4930,791,338,240,1,1,0,14.2120,0.3989,0
106335,3254.8469,0.8230,0.0472,0.6688,0.1249,2.9962,7.7136,5.4544,-1.3282,4.4598,4.0483,1.0613,0.2029,0.6069,8.2668,0.2084,-1.8570,1.7137,4.9810,0.0073,791,338,240,1,1,1,7.9080,1.4142,0
162911,0.0000,0.0000,0.0000,0.0000,0.0000,0.0000,0.0000,0.0000,-0.0000,0.9557,2.0789,1.0617,0.3617,-0.0560,1.9506,7.9982,-7.5564,0.0000,1.2346,0.0000,243,92,90,1,0,0,0.0040,0.4711,0
27487,0.0000,0.0000,0.0000,0.0000,0.0000,0.0000,0.0000,0.0000,-0.0000,0.0000,1.2710,1.2329,0.0253,-1.9405,3.1337,0.0002,-0.0896,0.8858,1.5903,0.0000,1301,461,420,1,0,0,0.0000,0.6713,0
106336,23736.6875,0.8129,0.0004,0.1517,0.1661,3.1226,14.2640,12.4199,-3.9654,0.1414,5.3429,0.5668,0.3154,-0.3128,8.4829,4.0521,-3.5643,0.5255,4.7699,0.4582,791,338,240,1,1,1,16.2480,1.1485,0
162912,0.0000,0.0000,0.0000,0.0000,0.0000,0.0000,0.0000,0.0000,-0.0000,0.9557,2.2711,0.7276,0.5461,0.0694,1.9630,7.9947,-7.7091,0.0000,1.1646,0.0000,243,92,90,1,0,0,0.0000,0.5468,0
131425,14792.8555,0.7123,0.0024,0.1144,0.1338,1.3882,9.5260,13.1417,-3.2666,1.3367,3.6153,0.8609,0.3490,-0.0328,8.8977,5.6589,-1.8219,0.3239,3.9688,0.4746,577,215,179,1,1,1,11.1720,0.7249,0
162401,5372.1050,0.6368,0.4030,0.6179,0.0754,1.7264,9.5108,26.0340,-7.6646,4.5192,6.3386,1.7358,0.4196,0.8379,3.2972,6.6545,-6.6810,0.1942,2.5755,0.2383,212,92,59,1,1,1,9.8960,0.3653,0
126306,30632.9590,0.6009,0.0000,0.0000,0.2414,1.2675,17.8690,48.7684,-4.1800,5.2705,5.5646,0.7203,0.3709,0.4326,4.5966,6.7905,-4.2233,0.1437,2.7883,0.3219,699,246,240,1,1,0,18.6800,0.3664,0
142434,0.0000,0.0000,0.0000,0.0000,0.0000,0.0000,0.0000,0.0000,-0.0000,0.3227,1.5877,0.3836,0.0929,-0.1518,0.0798,0.2610,-0.1053,1.2811,0.0305,0.0000,426,184,120,1,0,0,0.0000,0.1195,0
162915,0.0000,0.0000,0.0000,0.0000,0.0000,0.0000,0.0000,0.0000,-0.0000,0.9557,2.1860,0.7913,0.4326,-0.1980,1.7531,8.0000,-6.6260,0.0000,1.2346,0.0000,243,92,90,1,0,0,0.0000,0.1915,0
160101,3697.2471,0.5943,0.0000,0.0000,0.1893,1.0330,6.9352,36.0163,-7.3590,5.2035,7.2532,0.6447,0.4264,0.7682,4.8962,7.3818,-5.6896,0.1232,2.7547,0.1529,212,92,59,1,1,0,7.2800,0.1926,0
160102,3826.8071,0.5849,0.0007,0.0142,0.2274,1.6698,8.4728,55.2022,-7.4012,6.3120,11.1462,0.9422,0.3721,0.5439,2.5660,6.6512,-5.5255,0.0801,2.3726,0.1229,212,92,59,1,1,0,9.1840,0.1535,0
160358,3936.9380,0.8160,0.0003,0.0943,0.1837,2.7311,8.9560,6.0520,-2.6992,1.6712,4.0068,0.9717,0.4837,0.6085,11.2689,4.5571,-1.3707,0.1219,4.9057,0.4634,212,92,59,1,1,1,9.5040,1.4798,0
128103,26014.2969,0.9170,0.0011,0.2876,0.1335,3.1467,17.1792,17.0421,-2.6397,0.2100,3.6443,0.8351,0.4980,0.1971,7.3784,5.5767,-2.6994,0.1906,5.0656,0.6588,518,215,120,1,1,1,20.4200,1.0080,0
160103,5369.1040,0.6085,0.0009,0.0755,0.1226,1.0142,8.6232,21.3880,-7.6924,0.0756,4.2964,0.6741,0.4961,-0.2890,5.6792,7.3992,-7.1407,0.0518,2.7925,-0.2383,212,92,59,1,1,1,8.9360,0.4032,0
120936,5194.3262,0.8056,0.0000,0.0000,0.1556,2.4608,4.7626,9.1061,-2.7561,0.0865,5.7406,0.7197,0.3748,0.0630,4.1614,4.2528,-2.7082,0.2766,3.9561,0.3824,638,215,240,1,1,0,4.7960,0.5230,0
160104,5700.9868,0.6085,0.0007,0.0566,0.1463,0.9528,8.8072,25.9019,-7.7494,0.0484,3.7260,0.6882,0.6124,-0.2719,5.9245,7.2752,-7.1571,0.0697,4.1321,-0.4564,212,92,59,1,1,1,9.0280,0.3400,0
120937,7442.1631,0.8323,0.0000,0.0047,0.1889,1.7085,4.9680,16.1858,-1.3118,0.0036,3.1883,0.5061,0.1499,-0.4271,0.8950,5.1236,-1.7244,0.4786,2.4232,0.3488,638,215,240,1,1,0,5.6440,0.3069,0
139881,0.0000,0.0000,0.0000,0.0000,0.0000,0.0000,0.0000,0.0000,-0.0000,0.0659,6.5843,1.3724,0.5758,0.4835,5.2801,0.0134,-1.9693,0.0537,1.7265,0.0000,457,215,120,1,0,0,0.0000,2.3153,0
90985,0.0000,0.0000,0.0000,0.0000,0.0000,0.0000,0.0000,0.0000,-0.0000,0.0000,2.0255,0.9583,0.1665,-0.5041,9.4251,0.0000,-1.4092,1.0396,2.4609,0.0000,1035,338,361,1,0,0,0.0000,1.3430,0
118890,0.0000,0.0000,0.0000,0.0000,0.0000,0.0000,0.0000,0.0000,-0.0000,0.0000,2.4795,0.5235,0.3339,-0.5324,7.7774,0.0000,-2.2424,0.8087,2.0940,0.0000,638,215,240,1,0,0,0.0000,1.7007,0
107115,0.0000,0.0000,0.0000,0.0000,0.0000,0.0000,0.0000,0.0000,-0.0000,0.0000,3.6789,0.5381,0.5534,0.2680,4.4574,0.0000,-2.0384,0.3373,1.2859,0.0000,822,338,240,1,0,0,0.0000,1.9336,0
135531,0.0000,0.0000,0.0000,0.0000,0.0000,0.0000,0.0000,0.0000,-0.0000,0.0220,1.4283,0.2959,0.0462,-0.1134,0.2546,0.1815,-0.2379,1.0033,0.1314,0.0000,487,215,120,1,0,0,0.0000,0.2501,0
106348,0.0000,0.0000,0.0000,0.0000,0.0000,0.0000,0.0000,0.0000,-0.0000,0.0000,2.6185,0.7741,0.1995,-0.1589,4.2725,0.0000,-1.3221,1.0275,1.7749,0.0000,822,338,240,1,0,0,0.0000,0.5595,0
155244,0.0000,0.0000,0.0000,0.0000,0.0000,0.0000,0.0000,0.0000,-0.0000,0.1402,0.4021,0.6619,0.0000,-0.9619,0.2289,0.0536,-0.8266,3.9758,0.0763,0.0000,852,338,240,1,0,0,0.0000,0.4030,0
156525,1780.5570,0.5691,0.0002,0.0066,0.2645,1.6842,5.0972,13.1238,-2.7902,3.9681,2.2674,0.7765,0.0766,-0.6548,0.9079,5.0602,-1.9551,0.8082,2.1842,0.1328,304,92,120,1,1,0,5.9760,0.3884,0
174189,0.0000,0.0000,0.0000,0.0000,0.0000,0.0000,0.0000,0.0000,-0.0000,0.0000,0.8950,0.7518,0.0000,0.3424,1.9355,0.0000,-0.0000,1.7107,0.9677,0.0000,31,31,0,1,0,0,0.0000,0.7194,0
69997,14588.8359,0.8236,0.0012,0.0795,0.1492,2.3268,5.5280,26.8661,-1.1926,4.0222,4.0246,1.1855,0.2927,-2.6621,2.4937,5.2547,-1.2971,0.6878,3.3772,0.1033,1270,461,420,1,1,1,6.2760,0.2058,0
155246,0.0000,0.0000,0.0000,0.0000,0.0000,0.0000,0.0000,0.0000,-0.0000,0.0000,0.6730,0.1128,0.0000,-0.0279,0.0000,0.0000,-0.6286,2.2200,0.0000,0.0000,852,338,240,1,0,0,0.0440,0.1883,0
107887,11690.3311,0.7276,0.0003,0.0789,0.2061,3.0513,8.3820,11.3896,-5.1295,0.2183,3.3176,0.9870,0.3267,-1.2489,8.6803,4.6981,-1.8069,0.2715,5.5947,0.3171,760,307,240,1,1,1,9.6280,0.7359,0
150127,10270.2930,0.9233,0.0159,0.2356,0.0808,1.1890,9.8656,75.3092,-1.5243,0.1853,1.2677,0.3910,0.0208,-0.8771,0.0822,6.7085,-1.0071,0.2059,1.2192,0.2729,365,123,120,1,1,1,10.5160,0.1310,0
155247,0.0000,0.0000,0.0000,0.0000,0.0000,0.0000,0.0000,0.0000,-0.0000,0.0000,2.3676,0.8754,0.4500,-0.1253,2.9425,0.0000,-2.1762,0.5179,0.6561,0.0000,852,338,240,1,0,0,0.0000,1.9451,0
99439,12650.7461,0.6731,0.0000,0.0091,0.1982,2.4211,6.9848,4.3957,-4.2740,1.3909,2.3094,1.2168,0.2393,-0.0945,9.3768,4.1917,-1.8514,0.5002,4.7889,0.4671,881,338,269,1,1,0,8.0520,1.5890,0
156784,6126.0068,0.5428,0.0003,0.1349,0.3017,1.3224,8.5428,11.7599,-4.1756,3.5827,3.3076,0.7466,0.4323,0.2740,3.8684,5.3970,-4.0687,0.3247,2.5329,0.5476,304,92,120,1,1,1,8.7200,0.7264,0
162160,3235.4480,0.9412,0.0000,0.0065,0.1909,2.5425,7.1920,21.0796,-0.0992,3.9417,6.5841,1.3912,0.5000,0.0828,6.5229,6.4233,-0.8347,0.0961,4.6013,0.3347,153,92,0,1,1,0,7.7800,0.3412,0
46962,0.0000,0.0000,0.0000,0.0000,0.0000,0.0000,0.0000,0.0000,-0.0000,1.8012,4.1797,1.0776,0.2086,-0.0496,2.2982,1.3622,-0.3426,0.8440,0.7779,0.0000,1301,461,420,1,0,0,0.0000,0.1683,0
97650,19697.9297,0.6667,0.0002,0.0614,0.1438,1.9364,10.0952,8.2064,-5.6997,3.5039,2.8556,0.8364,0.2779,-0.1573,8.2544,3.6881,-3.6669,0.8340,3.4156,0.5784,912,338,300,1,1,1,11.9720,1.2302,0
107123,12413.6895,0.6738,0.0000,0.0038,0.2179,2.0822,8.9600,6.9358,-4.2758,1.9262,2.7773,1.0393,0.2172,-0.6150,9.3982,5.0308,-1.3304,0.2882,4.0278,0.2649,791,338,240,1,1,0,9.5840,1.2918,0
119923,33089.2617,0.9759,0.0027,0.3282,0.1196,1.2713,19.4640,16.2149,-1.7288,0.1888,6.8367,0.8330,0.5100,0.0097,7.1400,6.5746,-2.3698,0.0212,2.9934,0.5204,457,215,120,1,1,1,19.6840,1.2004,0
63347,28359.9453,0.9701,0.0022,0.2449,0.0947,2.5614,10.0568,8.1116,-2.3531,0.1524,3.7467,1.0861,0.2717,-1.1862,10.6079,4.4191,-1.3784,0.4444,5.4850,0.3259,1270,461,420,1,1,1,12.3520,1.2398,0
150900,9334.6016,0.9102,0.0028,0.2545,0.1383,2.5180,11.1308,4.6357,-3.1352,0.1601,2.2617,0.6228,0.2870,-2.0014,15.8054,3.3542,-2.0442,0.6384,5.6078,0.5143,334,92,120,1,1,1,12.3520,2.4011,0
140406,9126.5820,0.7290,0.0009,0.1478,0.1211,2.9938,10.4100,19.6176,-3.1960,1.1329,1.9623,0.4856,0.2518,-0.0750,1.9014,3.9244,-1.6974,0.3283,5.2813,0.4279,487,215,120,1,1,1,12.6920,0.5306,0
162934,0.0000,0.0000,0.0000,0.0000,0.0000,0.0000,0.0000,0.0000,-0.0000,0.0000,1.9298,0.7739,0.1761,-0.2742,6.1961,0.0000,-0.2251,0.9220,2.0784,0.0000,153,92,0,1,0,0,0.0000,0.6497,0
56950,43898.1055,0.9339,0.0014,0.2087,0.1219,2.9157,13.7000,26.1602,-2.5228,0.0756,3.7446,0.7939,0.3764,-0.1426,6.6150,4.6003,-2.1454,0.5048,5.1268,0.5973,1270,461,420,1,1,1,15.8960,0.5237,0
96886,20281.6094,0.6908,0.0000,0.0000,0.2438,1.6765,9.7248,24.6998,-4.4173,4.7339,5.3639,1.5661,0.3615,-0.0520,5.4518,6.0455,-3.6374,0.2214,3.3618,0.4607,912,338,300,1,1,0,10.3920,0.3937,0
155255,10292.5430,0.2769,0.0000,0.0000,0.2071,0.4746,16.9600,23.5141,-3.7969,3.1437,5.1828,0.6065,0.4679,0.3152,2.9566,5.1768,-4.3839,0.1320,1.1781,0.1667,668,215,240,1,1,0,19.0320,0.7213,0
46967,0.0000,0.0000,0.0000,0.0000,0.0000,0.0000,0.0000,0.0000,-0.0000,0.0000,1.4500,0.1477,0.0340,-0.0202,0.0331,0.0000,-0.6969,1.1832,0.0169,0.0000,1301,461,420,1,0,0,0.0000,0.2026,0
130680,8903.8770,0.6291,0.0000,0.0000,0.2272,1.0659,6.7092,21.9642,-4.1586,4.2647,7.6103,0.9303,0.5101,0.7467,3.8319,7.1699,-2.9345,0.0993,2.0971,0.2725,577,215,179,1,1,0,7.7960,0.3055,0
46968,0.0000,0.0000,0.0000,0.0000,0.0000,0.0000,0.0000,0.0000,-0.0000,0.0033,2.4542,1.6336,0.2589,-0.7474,3.0438,0.0044,-0.1672,0.8275,1.2560,0.0000,1301,461,420,1,0,0,0.0000,0.3271,0
106873,13121.1777,0.6833,0.0002,0.0292,0.2143,2.2424,8.6064,23.1385,-4.1868,3.4931,3.8219,1.1186,0.3481,-0.4294,5.1072,5.7793,-1.6111,0.1402,4.4750,0.3947,821,338,240,1,1,1,10.0200,0.3720,0
150906,1020.7760,0.6617,0.0000,0.0000,0.2017,2.5030,3.0000,3.6055,-3.1352,0.0763,2.5561,1.1028,0.4683,-0.0011,16.4341,3.0415,-2.0896,0.4354,8.2605,0.5917,334,92,120,1,1,0,3.6200,0.8321,0
174202,0.0000,0.0000,0.0000,0.0000,0.0000,0.0000,0.0000,0.0000,-0.0000,0.0000,0.9332,1.3649,0.0000,-0.5602,4.6774,0.0000,-0.0000,1.7467,2.3548,0.0000,31,31,0,1,0,0,0.0000,3.9174,0
146811,7160.8730,0.8864,0.0010,0.3384,0.1572,5.0758,9.6080,11.7801,-2.9517,3.2816,3.5376,1.4820,0.4231,0.5505,10.9949,4.2066,-3.2896,0.3177,7.8611,0.5246,396,154,120,1,1,1,10.1120,0.8156,0
93564,0.0000,0.0000,0.0000,0.0000,0.0000,0.0000,0.0000,0.0000,-0.0000,0.7845,2.1034,1.2183,0.1379,-0.6945,3.8018,0.7600,-0.6461,1.2754,1.2281,0.0000,1004,338,361,1,0,0,0.0000,1.3627,0
106365,13484.1973,0.7396,0.0007,0.1441,0.2214,3.2314,10.2480,20.0413,-5.0614,0.3363,4.5530,0.5644,0.3619,0.0185,8.0126,3.2315,-3.7250,0.4090,5.3262,0.4747,791,338,240,1,1,1,12.0800,0.5113,0
124797,0.0000,0.0000,0.0000,0.0000,0.0000,0.0000,0.0000,0.0000,-0.0000,4.7762,1.8541,0.2165,0.1179,0.0259,0.1352,4.5992,-1.6211,2.2260,0.0364,0.0000,577,215,179,1,0,0,0.0000,0.0738,0
159613,0.0000,0.0000,0.0000,0.0000,0.0000,0.0000,0.0000,0.0000,-0.0000,0.0000,3.1521,0.7091,0.3750,0.1353,9.2406,0.0000,-2.1480,0.6363,2.6226,0.0000,212,92,59,1,0,0,0.0000,0.6649,0
95357,0.0000,0.0000,0.0000,0.0000,0.0000,0.0000,0.0000,0.0000,-0.0000,0.0000,1.4203,0.3469,0.0291,0.0393,12.4261,0.0000,-1.1237,1.8779,2.2279,0.0000,974,338,331,1,0,0,0.0000,1.4879,0
159614,8460.9971,0.8774,0.0065,0.0142,0.1733,1.5236,9.7600,488.0000,-2.7470,7.7643,0.3746,0.2740,0.0260,0.3984,0.0047,7.4232,-0.5613,0.3483,1.5330,-0.0494,212,92,59,1,1,0,10.3760,0.0081,0
91774,86948.8594,0.9622,0.0075,0.3058,0.0982,2.1375,30.7202,17.6351,-2.2807,0.1825,3.2291,0.7541,0.4148,-0.4007,15.1853,5.5796,-2.2817,0.2346,5.8805,0.6847,1004,338,361,1,1,1,34.1680,1.7420,0
62847,31548.5527,0.8882,0.0007,0.0850,0.1559,1.5441,8.6742,14.2162,-1.9239,0.0205,1.7342,0.0954,0.3795,-0.8162,0.2528,5.4047,-0.6083,0.1638,3.5441,0.5942,1270,461,420,1,1,1,9.2040,0.6102,0
131712,12945.3926,0.7664,0.0000,0.0039,0.2032,2.2124,11.3596,17.5606,-3.9494,3.5973,2.9042,0.9921,0.3157,0.0951,9.9402,5.2363,-3.1819,0.5042,5.4923,0.5883,518,215,120,1,1,0,12.4800,0.6469,0
167808,0.0000,0.0000,0.0000,0.0000,0.0000,0.0000,0.0000,0.0000,-0.0000,4.1848,1.4284,0.9311,0.0435,-0.1357,0.0082,3.8387,-0.2774,1.7844,0.0082,0.0000,122,92,0,1,0,0,0.0000,0.0565,0
128897,5232.8701,0.8626,0.0038,0.0018,0.1669,0.9963,3.1436,157.1800,-1.8885,6.3953,1.2071,0.1049,0.2231,0.8026,0.0000,7.9976,-0.8248,0.0294,0.9963,0.0382,546,215,148,1,1,0,3.4040,0.0040,0
163457,0.0000,0.0000,0.0000,0.0000,0.0000,0.0000,0.0000,0.0000,-0.0000,0.0000,2.4060,1.0403,0.1742,-1.1098,7.1961,0.0000,-0.1401,0.8322,2.5033,0.0000,153,92,0,1,0,0,0.0000,0.6798,0
167809,0.0000,0.0000,0.0000,0.0000,0.0000,0.0000,0.0000,0.0000,-0.0000,0.3696,5.6651,0.8575,0.2935,-1.5476,1.6230,0.1720,-0.2711,0.2977,0.7213,0.0000,122,92,0,1,0,0,0.0000,0.1682,0
147332,5624.9189,0.9066,0.0001,0.0328,0.1001,2.6136,6.9852,5.5596,-1.8725,0.0287,4.1431,0.6718,0.3597,-0.3562,10.6944,4.6206,-2.0940,0.3188,5.1490,0.3018,396,154,120,1,1,1,8.0360,1.2564,0
115589,12632.5059,0.3811,0.0001,0.0008,0.2234,0.8071,7.5880,61.8396,-2.8568,5.3608,3.6918,0.6655,0.2866,0.1107,0.9197,6.1257,-2.3836,0.5195,1.1441,0.1704,1270,461,420,1,1,0,7.7320,0.1227,0
123269,17035.0781,0.6520,0.0000,0.0031,0.2303,1.1317,13.3864,37.5904,-3.5067,5.3872,4.9382,0.7179,0.3374,0.4484,4.2868,6.1600,-4.3329,0.4175,2.2539,0.4130,638,215,240,1,1,0,15.0920,0.3561,0
127621,11441.3174,0.8340,0.0002,0.0270,0.1565,2.1622,9.5930,32.2187,-3.4013,5.7408,3.3751,0.5209,0.2485,-0.7334,0.9189,4.7311,-2.8776,0.6454,3.0502,0.2472,518,215,120,1,1,1,9.7880,0.2977,0
137605,4903.6201,0.6608,0.0001,0.0022,0.2178,1.3326,5.6990,20.1292,-3.1093,4.8075,4.5227,0.6865,0.3770,0.5211,4.1554,6.6370,-4.7513,0.3666,2.7090,0.4922,457,215,120,1,1,0,6.3600,0.2831,0
36229,0.0000,0.0000,0.0000,0.0000,0.0000,0.0000,0.0000,0.0000,-0.0000,0.0000,0.9156,0.2923,0.0146,-0.8284,0.2775,0.0000,-0.2363,1.5661,0.1068,0.0000,1301,461,420,1,0,0,0.0000,0.1986,0
120966,6015.9209,0.8903,0.0000,0.0141,0.1151,2.0564,4.8688,5.8556,-1.3557,0.0065,5.6043,0.6624,0.1558,-0.7265,6.0392,4.0901,-0.9570,0.3324,4.7445,0.1497,638,215,240,1,1,0,5.4320,0.8315,0
36230,0.0000,0.0000,0.0000,0.0000,0.0000,0.0000,0.0000,0.0000,-0.0000,0.0000,0.9086,0.9206,0.0092,-0.9925,1.8924,0.0000,-1.8172,5.6038,0.5780,0.0000,1301,461,420,1,0,0,0.0000,1.2319,0
120967,10171.8125,0.9232,0.0002,0.0596,0.1472,1.6865,5.2648,8.7103,-1.4881,0.0690,4.5428,0.7973,0.2597,-0.6959,3.2304,5.3575,-1.3395,0.5131,2.8934,0.3275,638,215,240,1,1,1,5.7040,0.6044,0
147591,2925.8311,0.3510,0.0000,0.0000,0.2140,0.5530,5.7224,10.4391,-4.9193,3.7257,2.5995,0.8169,0.3035,0.1469,3.2222,6.1861,-4.8880,0.3810,1.9318,0.3412,396,154,120,1,1,0,6.5840,0.5482,0
87431,8266.7451,0.9420,0.0465,0.7311,0.0866,7.6779,5.2570,22.2528,-3.6294,0.0012,5.1325,0.3825,0.1360,-0.0998,0.4778,2.2365,-1.9459,0.6369,7.9159,0.2205,1034,338,361,1,1,1,6.3320,0.2362,0
92041,0.0000,0.0000,0.0000,0.0000,0.0000,0.0000,0.0000,0.0000,-0.0000,0.0000,2.0454,0.7837,0.2199,-0.1460,16.8454,0.0000,-1.3219,0.9462,4.6638,0.0000,1035,338,361,1,0,0,0.0000,1.3808,0
114315,296.1970,0.5247,0.0000,0.0000,0.2396,1.2534,0.4360,0.3360,-2.2389,0.0000,2.3969,0.7184,0.2730,-0.3851,10.5822,2.0920,-2.0600,0.6406,4.2890,0.4844,730,277,240,1,1,0,0.4920,1.2974,0
170123,3783.5940,0.9672,0.0000,0.0000,0.2024,1.0328,11.3108,565.5400,-0.0000,7.9310,0.1950,0.2138,0.0690,0.8725,0.0000,7.9407,-0.0000,0.2162,1.0328,-0.2403,61,61,0,1,1,0,11.4680,0.0026,0
98955,14967.0049,0.8025,0.0001,0.0011,0.2051,1.6390,7.0710,71.1719,-3.2834,6.1393,9.2106,0.6105,0.2663,0.4634,0.7719,6.5183,-2.6051,0.2019,1.9432,0.2951,881,338,269,1,1,0,9.1600,0.0994,0
54412,13318.3535,0.7913,0.0001,0.0181,0.1988,1.6882,4.2800,11.8648,-1.9784,2.0301,3.8200,1.2945,0.3626,-0.1443,4.8354,6.0347,-2.7899,0.3644,3.2213,0.4707,1270,461,420,1,1,0,4.8320,0.3607,0
70028,20775.8418,0.7472,0.0002,0.0346,0.2340,2.2323,9.7044,16.1553,-4.3504,3.2305,2.5281,0.8886,0.2366,-0.7288,5.8504,4.4828,-2.2079,0.8145,4.0543,0.5355,1270,461,420,1,1,1,10.3440,0.6007,0
156301,7561.7202,0.6612,0.0000,0.0000,0.2605,1.3750,9.5608,70.4096,-3.4691,5.8650,5.0349,0.6642,0.2500,0.4377,1.7599,6.1769,-3.8965,0.6207,2.0691,0.2655,304,92,120,1,1,0,9.7440,0.1358,0
164493,0.0000,0.0000,0.0000,0.0000,0.0000,0.0000,0.0000,0.0000,-0.0000,0.8242,0.5455,1.8577,0.0000,-0.8859,3.2092,0.0605,-0.1367,4.3154,0.9739,0.0000,153,92,0,1,0,0,0.0000,1.1932,0
96653,12061.2354,0.5735,0.0001,0.0033,0.3070,1.7193,8.9320,46.4903,-2.7758,4.7113,4.1536,0.6714,0.2899,-0.0321,2.3169,4.9140,-0.8096,0.5283,2.7061,0.4558,912,338,300,1,1,0,9.6120,0.1921,0
107150,17135.0938,0.6516,0.0007,0.0292,0.2063,1.5238,9.6008,17.3405,-3.2754,2.2802,4.5284,0.9639,0.3514,-0.5816,8.5323,5.5933,-2.4037,0.3952,4.3946,0.4137,821,338,240,1,1,1,10.6600,0.5537,0
94862,14068.2705,0.7656,0.0002,0.0604,0.1841,3.0806,7.5052,11.8893,-4.2718,0.0786,3.7081,0.6586,0.4382,0.1041,9.5302,4.1339,-3.3141,0.3843,5.7731,0.5660,943,338,331,1,1,1,8.0960,0.6313,0
169871,3416.3230,0.9836,0.0440,0.0984,0.2880,1.7377,9.0532,452.6600,-0.0000,7.8263,0.8550,0.3278,0.1017,0.4606,0.0492,7.9000,-0.0000,0.0216,1.7541,0.2153,61,61,0,1,1,1,9.0960,0.0082,0
150672,7958.5537,0.8802,0.0008,0.3832,0.1346,5.3174,12.6804,10.7668,-4.5975,3.1494,3.1999,0.7163,0.4367,0.2755,14.7216,3.8881,-3.8153,0.4806,7.4671,0.4828,334,92,120,1,1,1,13.4000,1.1777,0
153488,5456.4639,0.6480,0.0002,0.0395,0.2709,1.4309,8.6444,20.3714,-3.0724,3.9490,3.4960,0.7208,0.4706,0.3417,8.8717,5.6129,-3.9141,0.3430,3.6974,0.5493,304,92,120,1,1,1,9.7120,0.4243,0
144017,7837.3291,0.4776,0.0003,0.0132,0.1488,1.2724,7.0760,26.4717,-2.0149,0.3927,3.7954,1.0318,0.3232,-1.2995,2.0276,4.9509,-2.1588,0.2597,2.0987,0.0256,760,307,240,1,1,0,7.6600,0.2673,0
54162,23365.4902,0.9709,0.0375,0.5669,0.1112,5.0063,8.0302,26.9553,-2.5467,3.5079,3.1436,1.1295,0.2181,-1.0316,1.7323,5.8283,-1.0876,0.4175,5.9827,0.1228,1270,461,420,1,1,1,9.1720,0.2979,0
76690,30659.0762,0.8307,0.0000,0.0000,0.1211,1.9465,11.4248,3.8636,-1.7222,0.0000,2.4809,0.7602,0.3151,-0.3281,19.5575,2.7410,-0.3545,0.2720,3.7874,0.1959,1270,461,420,1,1,0,13.3000,2.9571,0
65427,54550.6562,0.6543,0.0000,0.0008,0.2532,1.2142,15.7008,29.9067,-4.6465,5.2265,5.1632,0.4578,0.3375,0.5676,5.5724,6.5075,-5.4658,0.3317,2.1961,0.4838,1270,461,420,1,1,0,16.5400,0.5250,0
72083,29410.7969,0.6215,0.0002,0.0613,0.2061,1.7563,12.2232,10.2259,-5.0191,0.0835,2.3333,0.7439,0.2732,-0.2954,10.2010,3.4593,-2.0929,0.4381,4.9209,0.6076,1239,461,389,1,1,1,14.3680,1.1953,0
75923,31331.7734,0.7827,0.0007,0.0559,0.1824,2.9000,12.5268,19.0165,-4.5327,4.0318,3.7244,0.9933,0.3838,0.3790,6.3724,4.5165,-3.7839,0.5634,4.7220,0.4959,1270,461,420,1,1,1,14.4680,0.6587,0
60564,0.0000,0.0000,0.0000,0.0000,0.0000,0.0000,0.0000,0.0000,-0.0000,0.0000,1.9804,0.5434,0.2031,-0.2791,3.4450,0.0000,-0.9794,0.7884,1.3974,0.0000,1301,461,420,1,0,0,0.0000,0.7926,0
120725,11787.7764,0.6395,0.0000,0.0000,0.2036,1.0204,7.6436,21.2347,-3.8497,4.4223,4.1979,0.7350,0.4311,0.4546,6.6818,6.2907,-5.6356,0.3526,2.9671,0.6224,638,215,240,1,1,0,8.2680,0.3600,0
163477,9977.0273,0.4575,0.0463,0.3987,0.1658,0.5752,22.2000,76.6097,-0.5085,0.5107,2.6182,0.6031,0.7714,-0.1871,1.6078,7.8750,-0.5080,0.0060,1.6863,-0.6246,153,92,0,1,1,1,22.6440,0.2898,0
102550,84414.1797,0.8794,0.0021,0.2022,0.1165,1.7345,35.8172,14.0575,-2.1227,0.3767,2.7504,0.6096,0.4111,-0.5987,10.6991,5.5686,-1.6335,0.2051,3.4726,0.4190,821,338,240,1,1,1,38.5360,2.5479,0
115607,11124.5225,0.9127,0.0009,0.1559,0.1148,1.8398,7.0216,5.5827,-2.2091,0.0830,2.1590,0.9470,0.1727,-1.5260,6.5036,4.4212,-1.1546,0.5261,4.0558,0.2466,699,246,240,1,1,1,8.0720,1.2577,0
145815,0.0000,0.0000,0.0000,0.0000,0.0000,0.0000,0.0000,0.0000,-0.0000,0.0000,4.3643,0.7532,0.2073,-0.1678,7.8873,0.0000,-1.0037,0.5997,2.8380,0.0000,426,184,120,1,0,0,0.0000,1.7236,0
147351,4288.6289,0.4116,0.0000,0.0000,0.2252,0.8409,9.4044,23.7942,-2.9050,4.2709,4.1920,0.8707,0.4100,0.5456,3.8737,6.2653,-5.3936,0.3199,1.9924,0.2683,396,154,120,1,1,0,9.7480,0.3952,0
156311,9360.1406,0.7664,0.0178,0.2993,0.1123,1.7171,10.9612,12.6393,-2.7677,0.2615,3.7145,0.7902,0.4142,-0.0975,9.7204,5.3954,-1.8534,0.2358,4.4539,0.3922,304,92,120,1,1,1,12.7880,0.8672,0
98200,15355.9443,0.6640,0.0000,0.0000,0.1948,1.5902,11.3592,24.5849,-4.2590,4.6855,6.6280,0.8356,0.3479,0.5163,7.9319,6.1641,-4.3547,0.2779,4.2270,0.3930,881,338,269,1,1,0,13.1440,0.4620,0
103833,21726.9141,0.7623,0.0000,0.0013,0.1871,1.4640,10.3080,26.6429,-1.9295,4.1464,5.4345,0.9059,0.4453,0.3221,7.0645,6.6629,-3.5748,0.1220,3.6094,0.4855,791,338,240,1,1,0,10.6600,0.3869,0
95385,0.0000,0.0000,0.0000,0.0000,0.0000,0.0000,0.0000,0.0000,-0.0000,2.5628,0.5386,0.5855,0.0021,-0.1696,0.1813,1.1298,-0.3218,4.9550,0.0244,0.0000,943,338,331,1,0,0,0.0000,0.1168,0
117402,0.0000,0.0000,0.0000,0.0000,0.0000,0.0000,0.0000,0.0000,-0.0000,0.0000,1.6339,0.4918,0.0781,-0.2547,5.1302,0.0000,-1.0027,1.2865,2.5279,0.0000,699,215,240,1,0,0,0.0000,0.9782,0
140443,0.0000,0.0000,0.0000,0.0000,0.0000,0.0000,0.0000,0.0000,-0.0000,7.8750,0.0000,0.0276,0.0463,0.9559,0.0000,7.9091,-0.6521,0.0427,0.0000,0.0000,426,184,120,1,0,0,0.0000,0.0011,0
88219,14631.7842,0.9487,0.0004,0.1006,0.0917,2.3066,7.0954,11.1317,-2.0801,0.0953,3.9047,0.9043,0.3200,-0.3754,7.8665,4.4407,-1.4041,0.3527,4.6683,0.4280,1034,338,361,1,1,1,7.7680,0.6374,0
140444,0.0000,0.0000,0.0000,0.0000,0.0000,0.0000,0.0000,0.0000,-0.0000,0.0000,0.7306,0.3733,0.0390,0.2550,0.5704,0.0000,-0.3769,3.2070,0.1667,0.0000,426,184,120,1,0,0,0.0000,0.3983,0
116381,19512.8672,0.9521,0.0015,0.2231,0.1225,2.0853,10.4648,8.9706,-2.7129,0.0890,2.7975,0.6706,0.4187,-0.1998,9.3937,4.6539,-2.0718,0.2995,4.1243,0.7095,668,215,240,1,1,1,12.0080,1.1666,0
95133,11959.5420,0.7200,0.0190,0.3330,0.1896,3.0159,7.8130,50.2307,-2.7022,2.8430,3.4814,0.6261,0.0781,-1.2659,0.5960,5.1012,-1.3254,0.4001,3.2301,0.1239,943,338,331,1,1,1,8.4840,0.1555,0
128926,11355.1338,0.6988,0.0000,0.0019,0.2326,1.9440,11.8352,20.0924,-3.6313,0.0030,4.5649,0.5343,0.2795,0.0922,4.0618,3.1009,-2.7837,0.3206,2.6139,0.4178,518,215,120,1,1,0,13.9920,0.5890,0
141982,8838.4502,0.6995,0.0001,0.0258,0.2659,2.0704,8.6488,20.1552,-4.4922,4.4976,4.2555,0.8320,0.3786,0.3494,5.3826,6.1501,-4.4272,0.2743,3.6502,0.5588,426,184,120,1,1,1,9.9520,0.4291,0
18846,0.0000,0.0000,0.0000,0.0000,0.0000,0.0000,0.0000,0.0000,-0.0000,6.4687,0.8815,1.0905,0.0228,-0.1996,0.0638,2.9909,-1.2311,1.7183,0.0197,0.0000,1270,461,420,1,0,0,0.0000,0.0716,0
104095,0.0000,0.0000,0.0000,0.0000,0.0000,0.0000,0.0000,0.0000,-0.0000,0.0000,2.1033,0.8219,0.2029,-0.1995,20.0725,0.0000,-1.4088,0.9583,4.4881,0.0000,883,338,240,1,0,0,0.0000,3.2550,0
141983,0.0000,0.0000,0.0000,0.0000,0.0000,0.0000,0.0000,0.0000,-0.0000,0.0000,3.4847,0.6593,0.2857,0.0673,11.3052,0.0000,-1.7425,0.7924,2.1408,0.0000,426,184,120,1,0,0,0.0000,2.0874,0
166047,8219.9043,0.8770,0.0024,0.0082,0.1626,1.8279,14.1428,707.1400,-0.1500,7.9322,0.6214,0.2530,0.0000,0.1972,0.0000,7.6495,-0.0387,0.3353,1.8279,-0.0381,122,92,0,1,1,0,15.0440,0.0112,0
69791,19208.2305,0.7685,0.0000,0.0016,0.2021,1.8780,8.3902,15.7833,-3.0812,3.3748,4.3398,0.8769,0.3678,0.0492,3.6307,5.6422,-2.6002,0.2460,3.6291,0.3736,1270,461,420,1,1,0,9.3320,0.5316,0
73119,0.0000,0.0000,0.0000,0.0000,0.0000,0.0000,0.0000,0.0000,-0.0000,0.0000,1.5356,0.5722,0.0553,-0.3232,1.5323,0.0000,-0.0556,1.6201,1.2709,0.0000,1270,461,389,1,0,0,0.0000,0.3905,0
152736,11657.3330,0.8234,0.0001,0.0419,0.1830,2.6976,14.2180,19.2308,-3.1862,3.6927,4.3839,0.9029,0.3806,0.0561,7.2605,5.5346,-3.6136,0.1314,4.3473,0.5332,334,92,120,1,1,1,16.3520,0.7393,0
36513,0.0000,0.0000,0.0000,0.0000,0.0000,0.0000,0.0000,0.0000,-0.0000,0.0000,5.5808,1.2725,0.4262,0.1259,8.5319,0.0000,-1.2986,0.3596,2.1583,0.0000,1301,461,420,1,0,0,0.0000,1.0306,0
60065,15775.0938,0.6055,0.0001,0.0291,0.2095,2.2882,7.6164,7.1185,-5.5749,2.9996,3.0607,0.6979,0.4339,0.0487,12.6496,4.0712,-2.4715,0.4641,3.9929,0.4899,1270,461,420,1,1,1,8.9800,1.0699,0
104098,18323.9922,0.8592,0.0000,0.0059,0.1376,3.1103,10.3304,3.1038,-2.1110,0.0013,2.2590,0.6764,0.2513,-0.6436,20.2523,3.4097,-1.5344,0.5437,5.0141,0.4324,852,338,240,1,1,0,11.2760,3.3283,0
152738,6162.0010,0.6407,0.0002,0.0719,0.2193,2.0329,10.7260,12.1913,-4.2695,0.7855,4.0604,0.8898,0.3258,-2.6020,4.1826,5.1326,-1.7380,0.3385,3.3174,0.1696,334,92,120,1,1,1,12.2960,0.8798,0
120483,10191.0225,0.7962,0.0002,0.0893,0.1516,1.7241,6.1054,6.1892,-3.0129,0.0095,2.0059,0.4855,0.2196,-0.7767,9.7116,4.2575,-1.0791,0.4209,5.4514,0.4512,638,215,240,1,1,1,6.8560,0.9865,0
63907,6270.7788,0.4220,0.0000,0.0047,0.3837,1.5575,6.3400,3.0092,-6.0331,0.7054,2.9577,0.4481,0.2873,0.0813,13.2976,3.1736,-1.5256,0.4351,3.4677,0.4186,1270,461,420,1,1,0,8.4560,2.1069,0
102052,15950.0049,0.6845,0.0000,0.0024,0.2418,2.1742,11.4000,10.5000,-3.9697,0.0716,3.4504,0.9140,0.3459,-0.5953,8.1924,3.8128,-2.0777,0.2404,4.2850,0.3933,821,338,240,1,1,0,12.7520,1.0857,0
106916,17412.6055,0.7381,0.0005,0.1060,0.1485,1.7905,9.6440,5.6031,-2.2374,0.1652,3.3192,0.9134,0.4166,-0.2139,15.0633,3.7073,-1.3144,0.2455,4.9464,0.3466,821,338,240,1,1,1,10.6800,1.7212,0
120484,28239.3496,0.9138,0.0067,0.4890,0.0890,2.7163,17.2920,8.9656,-3.2137,0.0407,3.3619,0.7915,0.3870,-0.1533,15.5470,3.7979,-1.5498,0.2521,4.4859,0.4866,638,215,240,1,1,1,19.1800,1.9287,0
131236,5180.9692,0.4658,0.0001,0.0082,0.2477,1.4507,6.4360,11.5347,-5.0130,4.0364,5.1428,0.4527,0.3097,-0.3693,0.8671,5.1118,-2.5847,0.3263,2.8438,0.3202,730,277,240,1,1,0,6.9880,0.5580,0
157092,4012.7490,0.6447,0.0103,0.3407,0.2816,3.6300,6.6612,20.0126,-4.8844,2.6231,4.4294,0.9846,0.4135,0.4550,3.8608,6.0159,-3.3073,0.2856,4.8352,0.4800,273,92,120,1,1,1,7.2680,0.3329,0
54948,0.0000,0.0000,0.0000,0.0000,0.0000,0.0000,0.0000,0.0000,-0.0000,4.3003,1.4235,0.5780,0.0486,-0.1954,0.1214,3.0868,-1.3275,1.6868,0.0938,0.0000,1301,461,420,1,0,0,0.0000,0.0694,0
80548,0.0000,0.0000,0.0000,0.0000,0.0000,0.0000,0.0000,0.0000,-0.0000,0.0000,2.7561,0.7813,0.3354,0.0087,12.2602,0.0000,-1.4162,0.8152,2.8565,0.0000,1157,430,361,1,0,0,0.0000,1.1861,0
105637,11140.0371,0.5639,0.0000,0.0110,0.2541,1.5920,8.3802,6.3266,-5.4088,3.6199,2.9850,0.6411,0.4176,-0.0385,6.0390,4.4632,-3.8391,0.4735,2.7759,0.4649,821,338,240,1,1,0,9.1080,1.3246,0
166566,2460.8330,0.7459,0.0001,0.0082,0.1706,1.3770,5.3180,9.9400,-0.0870,0.0506,2.7660,0.7752,0.3371,-2.2341,8.0738,6.7079,-0.0014,0.1771,4.4590,-0.3612,122,92,0,1,1,0,5.4000,0.5350,0
92583,106774.2734,0.9671,0.8454,0.3556,0.0962,0.9970,31.2672,1393.9074,-1.6945,0.4142,1.8915,0.1851,0.8952,-0.4652,0.0000,7.8573,-0.5023,0.0027,0.9970,0.5924,1004,338,361,1,1,1,34.8520,0.0224,0
102057,0.0000,0.0000,0.0000,0.0000,0.0000,0.0000,0.0000,0.0000,-0.0000,0.0000,2.3749,0.6449,0.2186,-0.4966,6.5082,0.0000,-0.8079,0.8754,2.0951,0.0000,852,338,240,1,0,0,0.0000,1.3722,0
37545,52786.7891,0.9746,0.0005,0.2267,0.0867,2.6695,17.4600,5.7269,-1.9682,0.0565,2.9346,0.5867,0.5754,0.0397,13.5680,4.6085,-1.8060,0.3065,5.8463,0.6811,1301,461,420,1,1,1,19.7120,3.0488,0
157098,3341.3501,0.6227,0.0000,0.0037,0.3106,1.7363,6.8010,7.1162,-3.5484,2.2772,2.8457,0.8859,0.4082,-0.9176,11.9963,5.0187,-1.3974,0.1962,4.9304,0.4873,273,92,120,1,1,0,7.2480,0.9557,0
37546,29557.3984,0.8591,0.0000,0.0055,0.1213,2.4150,15.7834,3.1270,-2.5659,0.0004,2.2140,0.3940,0.3318,-0.5201,16.6323,2.1755,-1.3988,0.4827,4.4197,0.7183,1270,461,420,1,1,0,18.6960,5.0475,0
157099,2973.2090,0.5751,0.0000,0.0000,0.3169,1.4322,6.5794,9.4396,-3.9255,2.8352,3.1005,0.9449,0.4532,0.0663,10.0000,5.0384,-3.5399,0.3208,4.3187,0.6176,273,92,120,1,1,0,7.0600,0.6970,0
86955,23159.7051,0.9691,0.0029,0.2021,0.1004,1.7427,8.5792,13.1288,-1.9871,0.0987,2.8053,0.7109,0.2517,-0.9102,15.6054,5.0017,-1.6010,0.3441,7.3888,0.3127,1034,338,361,1,1,1,9.5600,0.6535,0
124844,18559.5625,0.8336,0.0003,0.0347,0.1382,2.8908,13.0440,34.4566,-4.2362,5.3372,7.4300,0.7001,0.1761,-0.3207,1.2912,5.1693,-3.2344,0.4523,3.4471,0.3636,577,215,179,1,1,1,14.6680,0.3786,0
134060,0.0000,0.0000,0.0000,0.0000,0.0000,0.0000,0.0000,0.0000,-0.0000,0.0000,1.1192,0.5045,0.0106,-0.2362,0.6571,0.0000,-0.2896,1.2826,0.3881,0.0000,487,215,120,1,0,0,0.0000,0.2711,0
141484,16976.3418,0.8263,0.0003,0.0376,0.2077,1.7066,16.1860,49.5903,-2.9187,3.7554,3.3874,0.5846,0.2289,-1.6924,0.8709,6.2108,-1.2561,0.4152,2.4577,0.4053,426,184,120,1,1,1,17.3760,0.3264,0
56236,7556.0381,0.6843,0.0001,0.0039,0.2739,1.9835,4.1462,25.5176,-2.4809,4.8670,5.7358,1.3683,0.3528,0.2585,2.0496,5.4596,-1.7469,0.3158,2.8000,0.3252,1270,461,420,1,1,0,4.8000,0.1625,0
32173,0.0000,0.0000,0.0000,0.0000,0.0000,0.0000,0.0000,0.0000,-0.0000,0.0381,0.6573,0.3318,0.0071,-0.1642,0.0079,0.0337,-0.3262,2.7517,0.1016,0.0000,1270,461,420,1,0,0,0.0000,0.4770,0
48301,29831.9883,0.8386,0.0002,0.0126,0.2113,1.9402,8.9920,33.0930,-1.7335,4.9744,8.1606,0.6875,0.2346,0.3915,3.4677,6.5778,-3.2212,0.1880,2.9409,0.4072,1270,461,420,1,1,0,9.8560,0.2717,0
157358,2974.1289,0.4176,0.0001,0.0147,0.2402,1.2418,8.5160,13.4652,-6.8227,3.9424,4.3356,0.8825,0.1863,-0.1971,4.7546,5.4660,-2.8543,0.2674,3.0733,0.3271,273,92,120,1,1,0,9.4040,0.6324,0
109231,12167.1445,0.4943,0.0059,0.2446,0.1689,2.2682,10.2480,17.5821,-3.9382,2.7445,1.7746,0.5495,0.1266,0.1198,2.6393,5.5889,-3.3553,0.5819,3.4008,0.2876,973,338,361,1,1,1,11.8800,0.5829,0
149167,6760.0879,0.6027,0.0000,0.0027,0.1904,1.2192,11.6380,9.9181,-4.4946,3.7760,3.8096,0.7666,0.2948,0.1231,4.1863,5.2442,-5.0862,0.5181,2.1808,0.5824,365,123,120,1,1,0,12.7280,1.1734,0
36783,0.0000,0.0000,0.0000,0.0000,0.0000,0.0000,0.0000,0.0000,-0.0000,0.0000,1.4662,0.5515,0.0323,0.0021,3.3082,0.0000,-0.2802,0.9357,1.6556,0.0000,1301,461,420,1,0,0,0.0000,0.4583,0
125617,31674.9043,0.6395,0.0111,0.3983,0.0849,2.8161,20.4140,26.5041,-2.5120,3.0761,5.2154,0.5819,0.3025,0.2641,4.0889,5.5509,-0.0162,0.2477,3.5944,0.1480,821,338,240,1,1,1,22.5800,0.7702,0
96945,0.0000,0.0000,0.0000,0.0000,0.0000,0.0000,0.0000,0.0000,-0.0000,0.0000,2.2197,0.6922,0.2222,0.2077,5.6033,0.0000,-1.6225,1.2119,1.5612,0.0000,547,184,180,1,0,0,0.0000,2.0234,0
97969,3524.3049,0.5426,0.0000,0.0091,0.2853,2.1941,4.4840,3.9780,-4.8387,2.6925,2.0397,0.6778,0.1928,0.1779,10.6379,3.2211,-1.5008,1.1422,4.5346,0.2458,881,338,269,1,1,0,5.4280,1.1272,0
101298,89105.4531,0.9683,1.0155,0.4202,0.1224,1.0047,29.3904,1469.5200,-1.7117,0.3989,1.7929,0.1753,1.0000,-0.0048,0.0000,7.8780,-0.5161,0.0041,1.0047,0.6629,852,338,240,1,1,1,34.6000,0.0176,0
101299,65006.8984,0.9660,0.0027,0.2559,0.1076,2.8263,27.0318,12.3495,-2.3774,0.4855,2.5128,1.0346,0.2733,-1.2601,15.4249,5.1217,-1.5790,0.3416,6.4859,0.3878,852,338,240,1,1,1,31.9720,2.1889,0
55475,36506.5430,0.9331,0.0006,0.1567,0.1357,2.0039,9.8524,9.7841,-1.8054,0.0422,3.2989,0.3458,0.4011,-0.2474,10.0795,5.0789,-1.9774,0.2209,4.2543,0.6798,1270,461,420,1,1,1,11.3640,1.0070,0
58291,13416.4785,0.6512,0.0000,0.0000,0.2534,1.4882,5.7200,12.8103,-2.4344,3.5470,4.1004,1.1595,0.4482,0.4721,7.6071,6.4371,-2.9928,0.2243,3.6110,0.4579,1270,461,420,1,1,0,6.6680,0.4465,0
157108,1622.5330,0.4652,0.0000,0.0073,0.2886,1.5495,4.6960,10.0170,-5.4610,2.2397,3.7167,0.6421,0.3820,0.2405,5.7143,2.6105,-3.5196,0.5178,3.6740,0.4518,273,92,120,1,1,0,5.1680,0.4688,0
166580,5099.3809,0.7459,0.0020,0.0246,0.1508,1.0984,8.5280,16.2554,-0.1149,0.0028,1.6171,1.0888,0.1348,0.7234,3.8770,7.5483,-0.0934,0.1145,2.7459,-0.2117,122,92,0,1,1,1,9.0360,0.5246,0
108981,27078.0742,0.6475,0.0004,0.0021,0.2145,1.1860,12.9040,176.5630,-3.0042,0.1681,3.0474,0.2559,0.1093,-0.0919,0.1017,6.0850,-1.5346,0.4494,1.2374,0.1466,973,338,361,1,1,0,15.0360,0.0731,0
147894,32635.2891,0.9781,3.6032,0.3425,0.1223,1.0027,24.8920,1244.6000,-1.6023,8.0000,0.0143,0.0135,0.0000,0.5307,0.0000,7.8854,-0.2340,0.0044,1.0027,-0.1731,365,123,120,1,1,1,27.7000,0.0019,0
174518,0.0000,0.0000,0.0000,0.0000,0.0000,0.0000,0.0000,0.0000,-0.0000,8.0000,0.2571,0.0904,0.0000,-2.5333,0.0000,7.7500,-0.0000,0.2500,0.0000,0.0000,31,31,0,1,0,0,0.0000,0.0177,0
38326,0.0000,0.0000,0.0000,0.0000,0.0000,0.0000,0.0000,0.0000,-0.0000,0.0000,0.8969,0.3304,0.0284,-0.6546,0.8315,0.0035,-0.6135,1.8543,0.6354,0.0000,1270,461,420,1,0,0,0.0000,0.6816,0
117175,26367.5293,0.7859,0.0060,0.3892,0.1408,2.6093,15.9278,16.7680,-2.8789,1.8358,3.7724,0.8051,0.5351,0.4234,5.5374,5.2714,-2.1826,0.1887,4.5554,0.5956,668,215,240,1,1,1,18.2360,0.9499,0
117943,22785.0352,0.6465,0.0068,0.1624,0.1277,1.0678,11.7348,11.7203,-2.1052,0.1125,2.9564,0.7278,0.4470,-0.4436,3.7420,5.5600,-2.0232,0.2412,2.4029,0.1586,973,338,361,1,1,1,12.7360,1.0012,0
147895,24780.2578,0.9315,0.0014,0.2000,0.1269,1.5479,22.9642,14.5918,-2.4492,0.1058,2.1231,0.4300,0.2981,-0.6123,13.1973,4.0910,-2.3663,0.4987,3.9945,0.7189,365,123,120,1,1,1,25.2920,1.5738,0
154551,0.0000,0.0000,0.0000,0.0000,0.0000,0.0000,0.0000,0.0000,-0.0000,0.0000,0.6826,0.5045,0.0000,-0.5344,4.2171,0.0000,-0.0116,1.9918,1.9408,0.0000,304,92,120,1,0,0,0.0000,0.4891,0
174519,0.0000,0.0000,0.0000,0.0000,0.0000,0.0000,0.0000,0.0000,-0.0000,0.0000,1.0116,0.7311,0.0000,0.1555,0.0968,0.0000,-0.0000,1.0574,0.0645,0.0000,31,31,0,1,0,0,0.0000,0.2485,0
40119,0.0000,0.0000,0.0000,0.0000,0.0000,0.0000,0.0000,0.0000,-0.0000,0.0000,0.9666,0.7632,0.0009,-0.7422,4.5000,0.0000,-0.7382,1.2836,1.8866,0.0000,1270,461,420,1,0,0,0.0000,0.8016,0
53431,0.0000,0.0000,0.0000,0.0000,0.0000,0.0000,0.0000,0.0000,-0.0000,0.0000,1.9043,0.8592,0.1179,-0.4718,9.1560,0.0000,-1.1029,1.2574,2.8378,0.0000,1301,461,420,1,0,0,0.0000,0.8375,0
130488,25431.1699,0.9035,0.0058,0.1776,0.1187,2.5579,20.7716,254.5849,-2.0523,6.1781,7.0667,0.6017,0.1796,0.3770,0.5811,6.5860,-2.5954,0.3822,2.9710,0.1673,518,215,120,1,1,1,23.1600,0.0816,0
109241,12032.2324,0.6842,0.0001,0.0211,0.1986,1.3974,8.6180,13.3073,-2.8701,1.9956,2.9597,0.7476,0.3775,-0.1528,11.7092,4.6777,-1.8367,0.3599,5.0961,0.4788,760,307,240,1,1,1,9.6560,0.6476,0
130489,11203.6660,0.5734,0.0000,0.0019,0.2453,1.5463,13.3524,6.4938,-4.6075,0.9584,2.0833,0.3808,0.3173,0.1540,13.7278,4.3879,-1.5593,0.3775,3.0695,0.5132,518,215,120,1,1,0,14.5480,2.0562,0
174521,0.0000,0.0000,0.0000,0.0000,0.0000,0.0000,0.0000,0.0000,-0.0000,7.2500,4.7289,3.2881,1.0000,1.0000,0.1935,7.9167,-0.0000,0.0000,0.0645,0.0000,31,31,0,1,0,0,0.0000,0.0672,0
174522,0.0000,0.0000,0.0000,0.0000,0.0000,0.0000,0.0000,0.0000,-0.0000,0.0000,1.1075,0.5235,0.0000,-0.0923,0.0000,0.0000,-0.0000,1.1312,0.0000,0.0000,31,31,0,1,0,0,0.0000,0.1004,0
63674,0.0000,0.0000,0.0000,0.0000,0.0000,0.0000,0.0000,0.0000,-0.0000,0.2431,1.5069,0.3539,0.0504,-0.4697,0.1181,0.2484,-0.0628,0.9204,0.0496,0.0000,1270,461,420,1,0,0,0.0000,0.0658,0
115387,16253.3076,0.3654,0.0002,0.0480,0.1949,0.9094,9.7960,8.0645,-3.6862,1.3631,2.2378,1.0295,0.2313,-0.1458,5.2339,4.5172,-2.7910,0.6005,1.9472,0.2235,1270,461,420,1,1,1,10.0120,1.2147,0
172731,1372.2881,0.7419,0.1071,0.6452,0.1715,1.5484,10.7876,435.4085,-0.0000,7.4773,0.7928,1.4713,0.0000,0.6213,0.0000,7.4773,-0.0000,0.1665,1.5484,-0.3894,31,31,0,1,1,1,11.5600,0.0248,0
174523,0.0000,0.0000,0.0000,0.0000,0.0000,0.0000,0.0000,0.0000,-0.0000,0.0000,1.0004,0.0353,0.0000,0.0096,0.0000,0.0000,-0.0000,0.9924,0.0000,0.0000,31,31,0,1,0,0,0.0000,0.1071,0
160446,591.4670,0.6698,0.0000,0.0000,0.1891,2.2830,3.7070,2.5188,-3.1557,0.0000,1.6694,0.6601,0.1421,0.0135,9.6321,0.8716,-0.1071,0.5515,4.7217,0.2475,212,92,59,1,1,0,4.1040,1.4718,0
155839,0.0000,0.0000,0.0000,0.0000,0.0000,0.0000,0.0000,0.0000,-0.0000,0.0000,2.5188,1.1250,0.4036,-0.3765,4.5336,0.0036,-2.6280,0.5903,1.2346,0.0000,699,246,240,1,0,0,0.0000,1.1053,0
90815,32896.7148,0.7371,0.0000,0.0000,0.1834,1.4492,14.1568,28.1019,-2.9841,4.4661,4.7671,0.7763,0.4126,0.6193,8.6643,6.5373,-6.0283,0.2840,3.6653,0.5049,1004,338,361,1,1,0,15.1400,0.5038,0
155840,12834.5029,0.3027,0.0006,0.0123,0.2012,0.6534,15.9200,103.1646,-2.4722,0.1768,2.9994,0.4816,0.3071,-1.1745,0.3753,5.6295,-1.2843,0.2608,0.9110,-0.1361,730,277,240,1,1,0,16.3840,0.1543,0
155841,5009.1060,0.3824,0.0000,0.0000,0.1473,0.6395,7.3000,11.1729,-1.5164,0.0000,2.6472,0.3585,0.3857,-0.6266,1.4702,4.8696,-1.1858,0.2066,1.6395,-0.3919,638,215,240,1,1,0,8.0720,0.6534,0
157121,0.0000,0.0000,0.0000,0.0000,0.0000,0.0000,0.0000,0.0000,-0.0000,0.0000,0.9655,0.2835,0.0000,0.2680,3.9927,0.0000,-0.2609,1.7913,1.9634,0.0000,273,92,120,1,0,0,0.0000,1.8434,0
161473,4594.8691,0.6132,0.0000,0.0000,0.1858,1.3066,10.9036,10.2007,-7.6469,3.8121,6.1621,0.9318,0.4459,0.6715,6.1840,6.6282,-0.2729,0.1240,2.2642,0.3253,212,92,59,1,1,0,12.0640,1.0689,0
165057,0.0000,0.0000,0.0000,0.0000,0.0000,0.0000,0.0000,0.0000,-0.0000,0.2297,0.6161,1.9369,0.0081,-0.9488,3.3595,0.1423,-0.0997,2.7185,1.2222,0.0000,153,92,0,1,0,0,0.0000,0.7714,0
109763,15525.5303,0.5603,0.0037,0.1888,0.1557,1.6224,13.3208,12.1959,-1.9747,1.7708,7.8684,0.6727,0.4537,0.3170,4.3496,5.1135,-3.2763,0.1177,2.2156,0.1065,821,338,240,1,1,1,15.5040,1.0922,0
134852,8800.5918,0.8337,0.0007,0.2136,0.1167,3.3963,12.1560,13.1872,-4.0206,0.1324,3.8584,0.6614,0.3595,-0.0672,9.9076,3.1623,-3.1968,0.4947,4.5975,0.3468,487,215,120,1,1,1,13.3560,0.9218,0
153284,5252.6260,0.6579,0.0000,0.0000,0.2768,1.2961,7.9878,23.0507,-3.4594,0.1370,4.3591,0.6993,0.3920,0.2783,5.0658,5.2342,-3.7483,0.3047,2.8487,0.5069,304,92,120,1,1,0,8.2680,0.3465,0
97988,0.0000,0.0000,0.0000,0.0000,0.0000,0.0000,0.0000,0.0000,-0.0000,0.0003,1.3033,1.1381,0.0361,-0.4610,0.9792,0.0000,-0.0292,2.7797,0.4627,0.0000,912,338,269,1,0,0,0.0000,0.3415,0
77253,0.0000,0.0000,0.0000,0.0000,0.0000,0.0000,0.0000,0.0000,-0.0000,0.0000,1.4177,0.4634,0.0463,-0.2840,0.6928,0.0000,-0.0223,2.0015,0.5268,0.0000,1211,461,361,1,0,0,0.0000,0.4291,0
98501,24458.7812,0.6772,0.0000,0.0059,0.2075,1.4343,12.3442,16.1357,-3.0894,0.1526,3.8690,0.9103,0.5263,0.3219,12.0387,4.5592,-1.9624,0.2342,4.8791,0.6052,852,338,240,1,1,0,12.8760,0.7650,0
135366,0.0000,0.0000,0.0000,0.0000,0.0000,0.0000,0.0000,0.0000,-0.0000,0.0000,3.2130,0.7619,0.1878,-0.2003,14.2834,0.0000,-1.5234,0.8086,5.0678,0.0000,487,215,120,1,0,0,0.0000,1.7452,0
147142,5956.2202,0.7020,0.0001,0.0404,0.1992,2.3030,9.1408,9.4214,-2.5392,2.8676,2.7805,0.9266,0.1989,-0.0688,6.4066,4.5390,-2.2152,0.6872,4.2121,0.5019,396,154,120,1,1,1,9.6960,0.9702,0
170182,1655.3630,0.9836,0.0008,0.0000,0.1200,2.5082,7.0680,260.4772,-0.0000,0.2627,2.1933,0.3096,0.3220,0.0792,0.0984,6.8941,-0.0000,0.1524,2.5574,0.3815,61,61,0,1,1,0,7.5280,0.0271,0
97990,0.0000,0.0000,0.0000,0.0000,0.0000,0.0000,0.0000,0.0000,-0.0000,0.0000,1.9472,0.8104,0.1939,-0.6639,10.0395,0.0000,-1.8816,1.1395,2.8388,0.0000,912,338,269,1,0,0,0.0000,1.2643,0
58311,27843.6953,0.7898,0.0004,0.0772,0.1594,2.3929,8.9902,18.0161,-3.5993,0.2039,3.4783,0.4577,0.3575,-0.8301,3.9197,4.3008,-2.4816,0.3549,3.3409,0.3032,1270,461,420,1,1,1,9.6680,0.4990,0
103880,10231.8525,0.8453,0.0047,0.1998,0.1287,1.6772,4.9236,27.6482,-2.0860,0.1944,1.4227,0.4820,0.0458,-1.5926,0.1547,5.2311,-1.4921,1.0195,1.7820,0.3600,821,338,240,1,1,1,5.4280,0.1781,0
153288,2067.6851,0.6086,0.0000,0.0033,0.2791,2.8191,6.8752,8.0525,-4.6868,3.2949,3.4090,0.7268,0.5249,0.3242,12.0230,3.4111,-3.1633,0.3479,5.6941,0.4778,304,92,120,1,1,0,7.4080,0.8538,0
135369,0.0000,0.0000,0.0000,0.0000,0.0000,0.0000,0.0000,0.0000,-0.0000,4.0651,0.9096,0.9198,0.0000,-1.4035,0.0021,4.4219,-0.1879,1.6619,0.0000,0.0000,487,215,120,1,0,0,0.0000,0.0520,0
100811,17904.0430,0.5455,0.0000,0.0000,0.1812,0.9642,9.6094,33.5961,-6.1125,0.1766,5.4425,0.3466,0.2852,-0.0772,2.5619,5.4480,-3.0099,0.3192,1.7311,0.3290,1034,338,361,1,1,0,10.7200,0.2860,0
110283,19384.2695,0.9068,0.0003,0.1055,0.1336,2.0575,11.5442,6.9071,-2.0078,0.0121,1.8027,0.5446,0.0871,-1.3924,15.5973,3.5414,-1.1267,0.4930,4.1397,0.1938,730,277,240,1,1,1,12.9160,1.6714,0
160715,2513.1240,0.9724,0.0001,0.0276,0.0841,2.5967,4.9664,5.8326,-2.2235,0.0227,1.6188,0.8874,0.0739,-0.4020,9.0552,3.9205,-0.8509,0.5151,5.8674,0.6900,181,92,28,1,1,1,5.5920,0.8515,0
125644,16257.4697,0.8752,0.0030,0.1924,0.1175,1.6898,11.1520,12.2125,-2.2954,0.0554,4.4791,0.6031,0.3276,-0.3692,9.3709,4.7153,-0.3710,0.1476,3.9220,0.1308,577,215,179,1,1,1,12.1400,0.9132,0
160716,6815.6650,0.9779,0.0089,0.3757,0.1209,1.3481,7.8264,37.7053,-1.5737,0.2141,3.9314,0.5524,0.3448,-0.4673,1.1934,7.4100,-0.0807,0.0386,2.0497,0.1545,181,92,28,1,1,1,8.4000,0.2076,0
101837,0.0000,0.0000,0.0000,0.0000,0.0000,0.0000,0.0000,0.0000,-0.0000,0.0000,2.1295,1.4798,0.4553,0.2726,8.0364,0.0003,-0.9225,0.6736,2.9366,0.0000,852,338,240,1,0,0,0.0000,1.7394,0
103631,0.0000,0.0000,0.0000,0.0000,0.0000,0.0000,0.0000,0.0000,-0.0000,0.0000,2.0481,0.4688,0.0676,-0.6058,1.4636,0.0000,-0.2215,1.1973,1.6796,0.0000,852,338,240,1,0,0,0.0000,0.5909,0
104399,30196.9629,0.8879,0.0037,0.2753,0.1014,2.0621,12.8252,12.2331,-2.1980,0.1368,2.5671,0.8876,0.3248,-1.0004,14.4239,4.4906,-1.6340,0.3561,6.0438,0.4474,821,338,240,1,1,1,14.2960,1.0484,0
174543,0.0000,0.0000,0.0000,0.0000,0.0000,0.0000,0.0000,0.0000,-0.0000,0.0000,0.0000,1.0000,0.0000,0.0000,0.0000,0.0000,-0.0000,0.0000,0.0000,0.0000,31,31,0,1,0,0,-1.0000,0.0000,0
174544,0.0000,0.0000,0.0000,0.0000,0.0000,0.0000,0.0000,0.0000,-0.0000,0.0000,0.0000,1.0000,0.0000,0.0000,0.0000,0.0000,-0.0000,0.0000,0.0000,0.0000,31,31,0,1,0,0,-1.0000,0.0000,0
119505,12715.1982,0.8197,0.0001,0.0799,0.1945,3.6191,9.2240,6.8458,-2.5244,1.8919,3.4387,0.8956,0.4497,0.2315,19.5564,4.4560,-2.5879,0.2091,5.7006,0.6939,638,215,240,1,1,1,9.5000,1.3474,0
127698,1620.6620,0.9556,0.1151,0.0058,0.1864,1.4402,0.8412,42.0600,-1.1293,7.9995,0.0214,0.0287,0.1576,0.9742,0.0000,7.9990,-0.0548,0.0009,1.4402,-0.1450,518,215,120,1,1,0,0.9240,0.0002,0
132050,62889.7266,0.9651,0.0138,0.4086,0.1735,1.6715,27.3920,33.4856,-1.8685,0.2453,3.3783,0.8355,0.3389,-0.4953,12.6119,6.7678,-1.7906,0.1195,6.0719,0.6387,487,215,120,1,1,1,27.4480,0.8180,0
127700,5179.6328,0.7703,0.0000,0.0019,0.1866,1.6197,5.8328,14.3860,-3.1996,4.1873,3.6452,0.9847,0.3716,-0.5844,5.3784,6.7072,-2.8146,0.2864,3.0386,0.5343,518,215,120,1,1,0,6.6320,0.4054,0
142292,6548.0249,0.7817,0.0002,0.0141,0.1741,2.8239,7.7740,28.1317,-3.7817,0.1817,4.3959,0.4618,0.1829,-0.8129,1.4531,4.4823,-2.4853,0.5757,3.7230,0.3815,426,184,120,1,1,0,8.8120,0.2763,0
88020,11548.0156,0.6219,0.0004,0.0416,0.2338,1.8453,6.5560,16.6726,-4.7070,0.0598,3.4768,0.7135,0.3452,-0.2861,3.9429,4.4215,-2.6332,0.4950,3.0319,0.4540,1034,338,361,1,1,1,8.4880,0.3932,0
91092,15418.0303,0.9094,0.0000,0.0010,0.1515,2.2141,5.7292,6.8954,-1.7974,0.0028,2.7375,0.7768,0.3691,-0.2971,9.2530,4.9793,-1.4574,0.3154,5.1325,0.5539,1004,338,361,1,1,0,6.5880,0.8309,0
137429,12022.6934,0.9344,0.0078,0.2976,0.1358,1.7790,7.2700,8.3139,-2.1573,0.1086,3.2991,0.7423,0.4186,-0.4381,5.9125,5.3358,-2.0034,0.3148,4.8337,0.6062,457,215,120,1,1,1,8.4280,0.8744,0
147413,0.0000,0.0000,0.0000,0.0000,0.0000,0.0000,0.0000,0.0000,-0.0000,0.0799,0.7177,0.6353,0.0082,-0.6468,0.6591,0.0403,-0.3076,2.3785,0.3056,0.0000,396,154,120,1,0,0,0.0000,0.1790,0
160725,5771.6929,0.5142,0.0000,0.0047,0.1914,0.7642,9.6312,20.7568,-7.9052,4.7968,3.0599,0.6206,0.3626,0.1398,6.8632,4.9430,-4.0951,0.7586,3.2736,0.5418,212,92,59,1,1,0,9.7840,0.4640,0
60373,0.0000,0.0000,0.0000,0.0000,0.0000,0.0000,0.0000,0.0000,-0.0000,0.0930,0.8363,0.4697,0.0023,-0.2975,0.0753,0.0770,-0.2877,1.7228,0.0108,0.0000,1301,461,420,1,0,0,0.0000,0.1413,0
120790,10067.6982,0.6552,0.0000,0.0000,0.2553,1.5392,8.4966,18.8125,-3.9714,4.5654,4.0006,1.0146,0.3708,0.1091,7.6912,6.2635,-5.0781,0.3496,3.8621,0.5081,638,215,240,1,1,0,9.3040,0.4516,0
147416,10751.8721,0.8763,0.0023,0.2652,0.1404,1.9823,10.5268,7.2169,-2.5517,0.2117,2.6785,0.8939,0.4071,-0.6514,5.0707,5.2698,-1.7678,0.2873,3.8283,0.4711,396,154,120,1,1,1,11.6440,1.4586,0
27352,0.0000,0.0000,0.0000,0.0000,0.0000,0.0000,0.0000,0.0000,-0.0000,0.0000,1.6215,0.3043,0.0823,-0.0951,1.4981,0.0000,-0.3159,1.0337,1.7033,0.0000,1301,461,420,1,0,0,0.0000,0.7586,0
147161,0.0000,0.0000,0.0000,0.0000,0.0000,0.0000,0.0000,0.0000,-0.0000,0.0000,1.6877,0.5073,0.0699,-0.1173,2.5253,0.0000,-0.0794,0.9195,2.1843,0.0000,396,154,120,1,0,0,0.0000,0.4590,0
147417,8022.6860,0.7298,0.0001,0.0328,0.1546,1.4747,9.8160,3.9434,-3.2342,0.0109,2.2367,0.5794,0.3333,-0.6102,7.1212,3.8456,-1.4456,0.2971,3.7172,0.5022,396,154,120,1,1,1,10.9760,2.4892,0
168410,3362.1299,0.9239,0.0111,0.4457,0.1526,1.6196,7.2896,40.8252,-0.0000,0.3482,4.1275,0.5981,0.2262,-0.5462,3.3696,7.4176,-0.0000,0.0605,2.8370,-0.0578,92,92,0,1,1,1,7.9120,0.1786,0
145883,0.0000,0.0000,0.0000,0.0000,0.0000,0.0000,0.0000,0.0000,-0.0000,0.0000,2.8674,0.5851,0.1076,-0.1599,0.9672,0.0000,-0.2698,1.2280,0.5530,0.0000,396,154,120,1,0,0,0.0000,0.3748,0
131292,15781.9697,0.6151,0.0016,0.0986,0.1455,2.4014,10.9608,41.1988,-3.3067,5.2120,7.6195,0.7762,0.3022,0.5232,1.5452,5.5439,-3.4185,0.2284,2.9151,0.2245,730,277,240,1,1,1,12.2200,0.2660,0
141280,7101.3618,0.7371,0.0011,0.0352,0.2202,1.7394,5.9748,68.7071,-3.7064,2.9019,3.8605,0.9172,0.2760,0.1778,1.0211,6.7506,-2.5238,0.2717,2.1784,0.5209,426,184,120,1,1,1,6.9160,0.0870,0
166880,4877.7012,0.8115,0.0010,0.0738,0.1870,1.3689,9.7588,39.5357,-0.1720,3.8561,6.3214,0.7400,0.4444,0.1954,3.7541,7.3050,-0.0932,0.0801,2.6475,0.0400,122,92,0,1,1,1,10.1960,0.2468,0
80353,0.0000,0.0000,0.0000,0.0000,0.0000,0.0000,0.0000,0.0000,-0.0000,0.0007,1.6738,1.1653,0.0983,-0.1784,16.0743,0.0013,-0.8093,0.9947,4.7779,0.0000,1157,430,361,1,0,0,0.0000,1.2230,0
96737,8773.9268,0.8575,0.0000,0.0044,0.1283,1.7840,4.4080,12.6175,-2.1671,0.0060,1.4216,0.3704,0.0399,-1.1535,1.1798,4.7642,-0.3958,0.8427,2.9079,0.0948,912,338,300,1,1,0,4.9600,0.3494,0
104931,26038.3848,0.7509,0.0002,0.1075,0.2065,1.7851,13.9640,11.2841,-2.5916,4.9247,7.8830,0.9208,0.4878,0.5761,8.7851,6.5821,-3.8369,0.0221,3.3704,0.3499,791,338,240,1,1,1,14.8360,1.2375,0
147428,4523.6172,0.3990,0.0001,0.0328,0.2922,1.0455,9.5512,6.4487,-5.1163,1.9532,2.2507,0.7792,0.2989,-0.0590,10.3258,3.5342,-2.2350,0.6230,2.8207,0.5354,396,154,120,1,1,1,10.1560,1.4811,0
157156,2917.0481,0.6044,0.0000,0.0073,0.3144,1.9890,6.6988,10.5616,-3.9333,3.4098,3.1802,0.7505,0.4662,0.2289,6.7509,4.8872,-4.0768,0.4392,3.7802,0.6373,273,92,120,1,1,0,7.8360,0.6343,0
98532,11560.4404,0.6765,0.0003,0.0022,0.2591,1.8914,5.8470,120.2996,-4.2021,6.4035,4.5859,0.3679,0.2215,0.2066,0.1184,7.0108,-3.3008,0.5835,1.9792,0.3045,912,338,300,1,1,0,7.4120,0.0486,0
131301,15502.6709,0.4263,0.0022,0.0526,0.2049,0.8171,13.4460,49.9099,-3.9129,5.3641,6.2853,0.4077,0.2998,0.3199,1.9013,6.4431,-2.4993,0.2907,1.3355,0.1458,760,307,240,1,1,1,15.1480,0.2694,0
109030,21744.3418,0.5970,0.0000,0.0106,0.2161,1.1432,12.0068,9.4230,-3.3589,0.2342,5.5092,1.1509,0.3445,-1.3138,8.6766,3.8042,-1.3824,0.3242,3.1400,0.1243,943,338,331,1,1,0,12.8400,1.2742,0
174310,0.0000,0.0000,0.0000,0.0000,0.0000,0.0000,0.0000,0.0000,-0.0000,0.0000,0.8795,0.9711,0.0000,-0.7402,0.3226,0.0000,-0.0000,1.1964,0.2581,0.0000,31,31,0,1,0,0,0.0000,0.4779,0
147431,6339.3989,0.7146,0.0003,0.1869,0.2456,3.3763,9.3648,9.6588,-3.9828,2.2800,3.8159,0.8042,0.5028,0.3102,8.0126,4.8631,-2.9233,0.2055,5.3611,0.5444,396,154,120,1,1,1,9.8600,0.9696,0
66535,0.0000,0.0000,0.0000,0.0000,0.0000,0.0000,0.0000,0.0000,-0.0000,7.0992,1.3388,0.0863,0.0492,0.0909,0.0000,6.9317,-0.6223,1.0551,0.0000,0.0000,1301,461,420,1,0,0,0.0000,0.0236,0
162281,6256.3740,0.7514,0.0002,0.0110,0.1688,1.3978,9.7928,35.3015,-7.9032,5.5456,9.1030,0.5080,0.3649,0.6367,3.5856,7.0912,-6.2616,0.1209,2.1436,0.3640,181,92,28,1,1,0,10.4160,0.2774,0
164073,0.0000,0.0000,0.0000,0.0000,0.0000,0.0000,0.0000,0.0000,-0.0000,0.0000,1.7392,0.8262,0.1374,-0.1596,9.6275,0.0000,-0.0547,1.0178,2.3333,0.0000,153,92,0,1,0,0,0.0000,2.0908,0
163819,5432.1899,0.8693,0.0006,0.0000,0.1975,1.5621,8.4348,116.3649,-0.2658,6.6922,14.0022,1.1060,0.2164,0.8093,2.4052,7.6399,-2.0984,0.0137,2.2288,0.1739,153,92,0,1,1,0,9.1520,0.0725,0
169451,3104.2161,0.7935,0.0000,0.0000,0.1927,1.0326,7.8400,392.0000,-0.0000,7.8562,0.1986,0.2576,0.0137,0.7854,0.0000,7.8493,-0.0000,0.0449,1.0326,-0.4155,92,92,0,1,1,0,8.7920,0.0036,0
42987,15968.2432,0.7551,0.0001,0.0614,0.1627,2.7606,7.1302,6.3009,-2.8802,0.1030,3.5768,0.6987,0.4334,-0.0157,6.8953,3.7021,-2.0963,0.3349,4.6016,0.5500,1270,461,420,1,1,1,8.1880,1.1316,0
135917,10132.8398,0.9234,0.0070,0.1554,0.1350,2.0219,7.7712,15.1014,-2.0892,2.2042,3.4166,0.7372,0.3147,-0.2094,6.9256,5.8298,-2.3183,0.3012,3.9453,0.5080,457,215,120,1,1,1,9.0080,0.5146,0
146157,0.0000,0.0000,0.0000,0.0000,0.0000,0.0000,0.0000,0.0000,-0.0000,4.0606,0.4524,0.8506,0.0141,-1.8710,0.2399,3.1190,-1.4596,4.5817,0.0505,0.0000,396,154,120,1,0,0,0.0000,0.1437,0
64237,18788.4355,0.7039,0.0001,0.0228,0.1944,2.4063,8.3080,7.6825,-4.6933,0.6669,3.2130,0.9587,0.4646,0.2193,8.8740,4.0592,-2.5986,0.3307,4.0646,0.6521,1270,461,420,1,1,1,10.0400,1.0814,0
131311,13160.3271,0.6080,0.0014,0.3062,0.1318,3.7840,13.4804,9.7858,-4.1618,0.8591,2.7778,0.9195,0.4465,0.1864,6.0658,3.5763,-0.5404,0.1609,5.0758,0.1615,699,246,240,1,1,1,15.4760,1.3776,0
102128,0.0000,0.0000,0.0000,0.0000,0.0000,0.0000,0.0000,0.0000,-0.0000,0.0003,2.0326,0.7664,0.1876,-0.5191,3.6761,0.0000,-1.0556,1.3003,1.5880,0.0000,852,338,240,1,0,0,0.0000,0.4845,0
164080,6969.0659,0.8431,0.0007,0.0000,0.1517,1.5752,10.3060,515.3000,-0.2683,7.5731,10.5429,0.6190,0.0769,0.8244,0.5948,7.9115,-1.9804,0.0222,1.7843,0.0864,153,92,0,1,1,0,10.5160,0.0187,0
166128,3202.2239,0.8852,0.0573,0.6393,0.1097,1.5082,5.4052,55.6780,-0.1547,0.6179,4.5037,0.5173,0.2925,0.0675,0.4918,6.8458,-0.0115,0.3746,1.6885,0.0974,122,92,0,1,1,1,5.6120,0.0971,0
142065,0.0000,0.0000,0.0000,0.0000,0.0000,0.0000,0.0000,0.0000,-0.0000,7.9976,0.1429,0.1855,0.1602,0.9266,0.0000,7.9927,-0.0569,0.0779,0.0000,0.0000,426,184,120,1,0,0,0.0000,0.0015,0
146161,0.0000,0.0000,0.0000,0.0000,0.0000,0.0000,0.0000,0.0000,-0.0000,0.0000,2.4307,0.7893,0.2761,0.3253,12.3813,0.0000,-2.1083,1.0489,2.3611,0.0000,396,154,120,1,0,0,0.0000,2.6959,0
101874,26713.9980,0.7077,0.0000,0.0000,0.1807,1.5043,16.1968,10.7523,-3.8964,0.0022,4.4151,0.8589,0.4679,-0.0183,9.7771,4.9113,-1.3495,0.2050,2.8672,0.4074,821,338,240,1,1,0,17.4320,1.5064,0
142066,0.0000,0.0000,0.0000,0.0000,0.0000,0.0000,0.0000,0.0000,-0.0000,7.8362,0.8214,0.1419,0.0655,0.8886,0.0000,7.8325,-0.9312,0.1268,0.0000,0.0000,426,184,120,1,0,0,0.0000,0.0024,0
61683,11725.0137,0.9693,181.8352,0.2037,0.1178,1.1922,2.8520,142.6000,-1.6398,8.0000,0.0000,0.0001,0.0015,0.9995,0.0000,7.9983,-0.0023,0.0000,1.1922,-0.0725,1301,461,420,1,1,1,3.2880,0.0000,0
66803,9968.9746,0.6409,0.0000,0.0016,0.2450,1.5630,4.9044,9.3812,-5.0581,0.0604,3.1951,0.4596,0.3386,-0.0538,9.0181,3.9439,-3.5932,0.7727,3.9803,0.5678,1270,461,420,1,1,0,5.6960,0.5228,0
72179,20183.6758,0.7877,0.0001,0.0355,0.1300,1.9952,8.5996,5.1201,-2.4379,0.0133,1.9338,1.2413,0.1543,-0.4579,9.4003,3.9482,-1.1551,0.5666,5.4060,0.2804,1239,461,389,1,1,1,9.4840,1.6796,0
164084,5357.4609,0.5613,0.0000,0.0000,0.1774,0.7311,8.9500,84.5824,-7.7486,7.2461,8.0500,0.5706,0.1395,0.6191,0.4953,7.3430,-3.6845,0.4391,0.8726,0.2222,212,92,59,1,1,0,9.2360,0.1058,0
66549,0.0000,0.0000,0.0000,0.0000,0.0000,0.0000,0.0000,0.0000,-0.0000,0.3069,0.9594,1.2970,0.0047,-0.5564,3.2370,0.0455,-0.1326,2.1174,1.2094,0.0000,1270,461,420,1,0,0,0.0000,0.3571,0
169974,1707.2830,0.9836,0.0013,0.1967,0.1097,1.7377,6.6488,16.5885,-0.0000,0.1186,3.2273,0.9396,0.1186,-1.1412,2.6066,5.2250,-0.0000,0.2856,2.9836,0.2502,61,61,0,1,1,1,7.0840,0.4008,0
62454,0.0000,0.0000,0.0000,0.0000,0.0000,0.0000,0.0000,0.0000,-0.0000,0.0083,0.8068,0.1673,0.0016,-0.2353,0.1535,0.0079,-0.1157,2.0261,0.0425,0.0000,1270,461,420,1,0,0,0.0000,0.1915,0
84982,0.0000,0.0000,0.0000,0.0000,0.0000,0.0000,0.0000,0.0000,-0.0000,0.0100,2.6931,1.3617,0.3521,0.0750,5.0620,0.0050,-0.6105,0.7248,1.7546,0.0000,1096,369,361,1,0,0,0.0000,0.5356,0
131063,8623.1982,0.6660,0.0000,0.0000,0.2322,1.5463,8.3516,9.0158,-5.0719,3.6645,2.8875,1.2208,0.2918,-3.8865,6.1197,5.5785,-2.3318,0.6250,3.1120,0.4239,518,215,120,1,1,0,9.3680,0.9263,0
173816,0.0000,0.0000,0.0000,0.0000,0.0000,0.0000,0.0000,0.0000,-0.0000,0.0000,1.5797,0.5040,0.1176,-0.0788,3.9032,0.0000,-0.0000,1.0393,1.0968,0.0000,31,31,0,1,0,0,0.0000,2.0492,0
131321,29091.9336,0.7680,0.0026,0.2273,0.1098,1.6630,16.0292,19.4818,-2.7071,0.1108,2.7511,0.7509,0.3320,0.0134,11.1614,6.0197,-0.6745,0.2231,5.5031,0.2562,638,215,240,1,1,1,17.7800,0.8228,0
109050,16681.5371,0.6731,0.0001,0.0159,0.2391,2.4325,9.7336,13.0968,-4.6672,3.3341,2.6560,1.1161,0.3661,-0.2152,4.8025,4.8657,-3.0974,0.3450,3.8195,0.5009,881,338,269,1,1,0,10.6800,0.7432,0
131834,10542.5762,0.7819,0.0006,0.0849,0.1907,2.6737,10.4676,13.1511,-4.5081,0.1448,3.6127,0.7657,0.3696,-0.2878,9.2162,4.1360,-3.2418,0.2946,5.0656,0.5007,518,215,120,1,1,1,11.1040,0.7960,0
61179,0.0000,0.0000,0.0000,0.0000,0.0000,0.0000,0.0000,0.0000,-0.0000,0.3158,0.6659,0.7287,0.0008,-0.6493,0.3866,0.0625,-0.0412,3.4326,0.1016,0.0000,1270,461,420,1,0,0,0.0000,0.2202,0
170236,1857.1650,0.3525,0.0101,0.0656,0.1622,1.0410,6.8650,174.7954,-0.2819,6.2636,2.1552,0.2853,0.2364,0.6652,0.0738,6.1136,-0.2794,2.1785,1.0738,0.2002,122,92,0,1,1,1,7.5600,0.0393,0
146173,7813.9282,0.7045,0.0000,0.0379,0.1915,2.8409,11.6396,4.8443,-4.2201,0.1092,2.9919,0.7772,0.3859,-0.0318,12.7247,3.1493,-3.5335,0.5374,5.3561,0.5727,396,154,120,1,1,1,12.6680,2.4027,0
89341,0.0000,0.0000,0.0000,0.0000,0.0000,0.0000,0.0000,0.0000,-0.0000,0.0000,1.5736,0.8655,0.0735,-0.0318,8.9749,0.0002,-1.2327,1.3767,3.0647,0.0000,1035,338,361,1,0,0,0.0000,0.7465,0
168959,2678.0239,0.7935,0.0096,0.2391,0.1147,1.1630,6.2712,61.6303,-0.0000,0.1944,2.8310,0.6186,0.6944,0.0069,0.9348,7.6215,-0.0000,0.0812,1.7500,-0.4592,92,92,0,1,1,1,6.4920,0.1018,0
