mp_id,ev_plateau_days_frac,ev_plateau_level_kw,ev_plateau_level_p90_kw,ev_level_consistency,ev_plateau_duration_h,ev_plateau_duration_p90_h,ev_plateau_energy_kwh,ev_plateau_energy_p90_kwh,ev_flat_plateau_days_frac,ev_step_up_kw,ev_start_evening_night_frac,ev_start_hour_spread_h,ev_day_plateau_days_frac,ev_weekend_minus_weekday_frac,ev_gap_days_median,ev_plateau_days_winter_minus_summer,ev_max_over_base_kw,ev_high_hours_per_day,ev_high_energy_share,ev_sessions_per_plateau_day,n_days,n_summer_days,n_winter_days,mean_import_kw,base_kw
159232,0.0073,4.2520,4.9768,0.0000,1.7500,1.9500,8.9955,9.7559,0.0000,7.2720,0.0000,0.8789,0.0073,0.0256,7.0000,0.0083,4.0159,0.1795,0.0418,1.0000,273,92,120,0.6149,0.4420
174336,0.0000,0.0000,0.0000,0.0000,0.0000,0.0000,0.0000,0.0000,0.0000,0.0000,0.0000,0.0000,0.0000,0.0000,31.0000,0.0000,0.6618,0.0000,0.0000,0.0000,31,31,0,0.1974,0.0000
28930,0.9386,6.2840,6.7598,0.8389,2.0000,2.7500,11.8740,16.3998,0.4433,4.7920,0.9740,2.4178,0.0244,-0.1377,1.0000,0.0769,11.5745,3.4301,0.5848,1.1745,1270,461,420,1.1885,0.2140
97794,0.0545,8.7200,10.5404,0.2708,3.2500,3.7500,22.1245,30.0303,0.0204,6.2100,0.1250,2.9229,0.0477,-0.0263,16.0000,0.0218,10.6112,0.1938,0.4138,1.0000,881,338,269,0.1303,0.0000
126213,0.1993,2.5300,3.2944,0.6087,1.7500,6.0000,5.2115,18.3404,0.0295,2.2200,0.8609,4.3329,0.0277,0.0367,1.0000,0.3920,6.5548,1.7028,0.3285,1.8870,577,215,179,0.6204,0.0000
139013,0.3720,3.1100,4.2718,0.4765,2.0000,4.2500,6.1267,16.3568,0.0766,3.8260,0.8000,5.4946,0.0744,-0.0684,1.0000,0.8591,12.8817,3.4978,0.7109,3.9235,457,215,120,0.6972,0.0000
154629,0.4342,2.9160,3.9114,0.5909,1.7500,3.2250,4.9142,11.2984,0.0263,2.3840,0.6894,7.8301,0.1349,0.0917,1.0000,0.7533,6.8484,1.3676,0.3683,1.2197,304,92,120,0.4935,0.0040
162821,0.5033,6.2800,7.8228,0.3636,1.2500,2.0000,8.0420,13.9422,0.0131,10.0240,0.8442,5.4037,0.0784,-0.0207,1.0000,0.2207,15.9230,6.5425,0.8245,3.8182,153,92,0,2.1316,0.1980
48901,0.7487,6.0240,6.1974,0.9240,1.2500,1.7500,6.7267,10.2475,0.3182,4.5400,0.7813,3.7866,0.1637,-0.2027,1.0000,0.0569,8.3500,1.8822,0.4339,1.0914,1301,461,420,0.8307,0.2660
60933,0.5362,5.6660,6.2100,0.7724,1.5000,2.2500,7.1770,12.3650,0.1094,5.0240,0.8047,5.3628,0.1047,-0.0218,1.0000,0.8903,14.7325,4.3945,0.8548,4.7210,1270,461,420,1.0842,0.0000
139014,0.5580,3.9260,9.9848,0.5176,2.5000,5.2500,10.7830,27.5677,0.0963,3.3720,0.8118,6.3488,0.1050,-0.0380,1.0000,0.1368,14.5098,2.9809,0.6389,1.5294,457,215,120,0.8397,0.0000
149254,0.3534,4.3320,12.0580,0.1240,2.5000,8.1000,14.9710,65.8338,0.0137,5.2520,0.8140,4.1523,0.0658,0.0571,1.0000,0.7260,15.8260,4.5507,0.6450,1.8915,365,123,120,1.3246,0.0000
97798,0.0099,3.0440,3.6504,0.7778,1.0000,3.5000,3.4340,12.0150,0.0022,3.0840,0.5556,9.3268,0.0044,-0.0084,19.0000,0.0300,5.2966,0.9666,0.3983,1.4444,912,338,300,0.2973,0.0000
154632,0.4408,4.2970,5.0374,0.7537,2.0000,3.0000,8.6550,14.0134,0.0164,3.8140,0.9179,4.3097,0.0362,0.0177,1.0000,0.8482,10.5402,1.8183,0.5686,1.1940,304,92,120,0.5197,0.0000
154633,0.3586,7.8120,9.0376,0.5963,2.7500,6.5500,20.1835,52.1560,0.0526,5.6840,0.7248,4.1778,0.0987,0.2135,1.0000,0.5580,12.0936,2.5485,0.6212,1.2385,304,92,120,0.8965,0.0000
48393,0.2811,4.6500,11.7464,0.1877,1.5000,3.7500,7.4505,39.4574,0.0165,4.9520,0.6527,6.3496,0.0976,0.0307,1.0000,0.5183,16.1917,3.9799,0.7417,1.8796,1270,461,420,0.9227,0.0040
65289,0.4693,3.9590,5.3460,0.3658,1.5000,3.0000,5.8360,14.8695,0.0433,5.0100,0.8339,5.4258,0.0780,-0.0014,1.0000,0.9239,11.0438,5.0870,0.8281,3.9832,1270,461,420,1.0525,0.0000
65290,0.1496,3.0180,3.4188,0.8632,1.0000,1.5000,3.7705,5.5709,0.0008,3.2940,0.8947,2.5355,0.0157,-0.1362,2.0000,0.3387,6.8512,0.4122,0.2371,1.0211,1270,461,420,0.2273,0.0040
126475,0.4579,2.4470,4.5242,0.6640,6.5000,11.0250,17.8775,33.7535,0.1813,2.9920,0.9600,2.4561,0.0183,-0.0936,1.0000,0.2893,7.6131,3.5238,0.7095,1.3720,546,215,148,0.6285,0.0000
154635,0.2566,3.9230,4.8736,0.6026,1.0000,1.5000,4.4185,6.8964,0.0132,4.2320,0.5513,6.2064,0.1151,0.0151,1.0000,0.5833,7.9121,1.5905,0.5838,1.3077,304,92,120,0.3962,0.0000
168971,0.0217,4.3730,5.0698,0.0000,2.3750,3.0750,10.4895,14.6947,0.0000,3.3920,0.0000,0.3753,0.0217,0.0233,25.0000,0.0000,5.0224,0.0543,0.6103,1.0000,92,92,0,0.0203,0.0000
61197,0.6895,10.7000,11.6096,0.7347,1.5000,3.7500,14.0040,39.1978,0.2521,8.4960,0.4526,4.1401,0.3774,-0.2066,1.0000,0.2684,14.2700,2.4568,0.4854,1.4560,1301,461,420,1.6176,0.2160
94991,0.0657,3.2790,4.8664,0.4844,1.2500,1.7500,4.1767,7.2714,0.0041,4.8160,0.6250,6.3634,0.0246,-0.0064,1.0000,0.1722,6.7451,1.2941,0.5315,2.1562,974,338,331,0.4422,0.0000
110865,0.9356,3.0040,3.1520,0.9691,3.7500,5.5000,11.0858,16.8804,0.8003,2.4320,0.8020,3.5806,0.1853,-0.1299,1.0000,0.0936,6.4584,4.5016,0.7107,1.2851,761,277,240,0.8195,0.0500
120594,0.0768,2.5000,3.1896,0.7959,1.2500,2.1000,3.0420,7.3042,0.0219,1.8920,0.7959,7.6418,0.0157,0.0155,3.0000,0.1870,4.4400,0.8284,0.2056,1.4490,638,215,240,0.4149,0.0000
147474,0.3131,2.7200,7.1172,0.6048,2.8750,6.2500,7.7910,40.4103,0.2045,2.3860,0.8226,3.6295,0.0556,0.0116,1.0000,0.5804,8.9346,1.3548,0.4038,1.2097,396,154,120,0.6117,0.0160
165138,0.0000,0.0000,0.0000,0.0000,0.0000,0.0000,0.0000,0.0000,0.0000,0.0000,0.0000,0.0000,0.0000,0.0000,122.0000,0.0000,2.8949,0.0410,0.0234,0.0000,122,92,0,0.1801,0.0540
93459,0.2816,3.3740,4.4992,0.8066,1.7500,3.9250,5.5170,16.8667,0.1007,3.0360,0.9015,3.3502,0.0277,0.0137,1.0000,0.5856,13.2454,2.7382,0.6369,2.1022,973,338,361,0.6029,0.0000
170516,0.3115,4.0040,6.2656,0.3158,1.2500,3.0500,6.1750,17.5090,0.0492,2.1440,0.3684,4.0897,0.1967,0.1708,2.5000,0.0000,9.8568,0.7254,0.8064,1.1579,61,61,0,0.2081,0.0000
105237,0.2032,3.8040,4.2704,0.8503,1.2500,2.5000,4.5440,9.5768,0.1058,2.9720,0.8623,3.1603,0.0280,-0.1167,2.0000,0.2298,5.7198,1.3546,0.1632,1.0659,822,338,240,1.0721,0.6000
166421,0.0000,0.0000,0.0000,0.0000,0.0000,0.0000,0.0000,0.0000,0.0000,0.0000,0.0000,0.0000,0.0000,0.0000,122.0000,0.0000,6.4165,0.2623,0.1546,0.0000,122,92,0,0.2073,0.0000
117270,0.8443,6.0450,13.1748,0.2181,3.7500,6.7500,25.2472,84.5185,0.0225,6.8460,0.7057,5.9379,0.2485,-0.0239,1.0000,0.3395,32.3771,9.1845,0.7554,3.4663,668,215,240,3.9963,0.0000
122134,0.1426,3.0580,6.0220,0.6374,1.2500,2.7500,4.1190,15.6780,0.0078,3.0000,0.8681,5.6758,0.0188,0.0080,1.0000,0.3625,17.5852,1.7598,0.6677,1.9341,638,215,240,0.3487,0.0000
95510,0.4691,3.7480,4.6500,0.5159,2.2500,4.2500,9.2840,17.6515,0.0249,3.7720,0.8917,3.3302,0.0508,-0.0470,1.0000,0.7297,10.3408,4.4806,0.4609,2.5329,1004,338,361,1.4846,0.0000
169752,0.0435,2.3810,2.5154,1.0000,1.6250,2.2750,3.7700,5.8313,0.0326,1.6260,0.7500,1.9654,0.0109,0.1538,13.0000,0.0000,4.3547,0.6005,0.0891,1.0000,92,92,0,1.0292,0.4170
168217,0.0543,3.7480,3.9856,0.8000,1.5000,2.4000,4.5510,9.3774,0.0217,2.1920,0.4000,4.9021,0.0326,0.0315,12.0000,0.0000,4.5009,0.1114,0.6180,1.2000,92,92,0,0.0277,0.0000
137754,0.4530,4.2960,4.9280,0.8502,1.5000,2.1000,5.8880,13.4533,0.0460,3.7120,0.7391,6.1227,0.1182,0.0012,1.0000,0.9581,11.0778,2.8600,0.8101,3.7343,457,215,120,0.6276,0.0000
97562,0.1033,4.0740,4.9400,0.6374,2.0000,3.0000,8.5530,13.8060,0.0363,3.0600,0.7033,3.8931,0.0306,-0.0224,2.0000,0.1869,6.3992,0.4214,0.2812,1.0879,881,338,269,0.2414,0.0040
135709,0.4726,2.8020,4.3650,0.5972,2.5000,9.1250,7.3595,43.3560,0.1116,2.3420,0.9028,3.9914,0.0460,-0.0370,1.0000,0.2880,7.8193,3.7987,0.4088,1.5880,457,215,120,1.2933,0.0000
165917,0.0000,0.0000,0.0000,0.0000,0.0000,0.0000,0.0000,0.0000,0.0000,0.0000,0.0000,0.0000,0.0000,0.0000,122.0000,0.0000,3.2197,0.0451,0.1394,0.0000,122,92,0,0.0380,0.0000
109854,0.3224,3.8120,4.5560,0.7388,1.2500,2.0000,4.9780,7.9104,0.0566,3.4120,0.8490,3.0988,0.0487,-0.0918,1.0000,0.7674,7.0544,2.3339,0.5377,1.2898,760,307,240,0.5892,0.0040
173599,0.0000,0.0000,0.0000,0.0000,0.0000,0.0000,0.0000,0.0000,0.0000,0.0000,0.0000,0.0000,0.0000,0.0000,31.0000,0.0000,2.2224,0.0323,0.0642,0.0000,31,31,0,0.0792,0.0000
59424,0.0023,2.5640,2.9688,0.6667,1.0000,1.4000,3.0290,3.6730,0.0008,2.5240,0.0000,0.6574,0.0023,-0.0032,107.5000,0.0024,3.4040,0.0609,0.0689,1.0000,1301,461,420,0.0976,0.0240
95009,0.3298,3.6320,4.6860,0.5531,1.5000,3.0000,5.0730,12.7080,0.0233,3.8280,0.6527,7.8587,0.1145,0.0517,1.0000,0.7646,8.8005,4.1508,0.7381,2.1029,943,338,331,0.8267,0.0040
151842,0.3144,4.0600,9.4008,0.5619,2.5000,4.0000,12.3350,29.3120,0.0269,5.8600,0.6571,6.0022,0.1078,-0.0230,1.0000,0.7167,16.8544,3.2987,0.7919,1.9429,334,92,120,0.8810,0.0000
121379,0.3887,4.2040,6.4714,0.3952,1.7500,4.5000,8.3060,20.6838,0.0219,4.6680,0.6613,4.9735,0.1317,-0.2287,1.0000,0.4358,9.7563,5.6199,0.7510,1.4234,638,215,240,1.2495,0.0000
101669,0.2642,3.3700,4.1620,0.5933,2.5000,5.0000,7.9465,16.9844,0.0392,2.6360,0.1866,3.9571,0.2149,0.0080,1.0000,0.8417,5.8402,1.3072,0.3674,1.7799,791,338,240,0.4798,0.0000
64806,0.0000,0.0000,0.0000,0.0000,0.0000,0.0000,0.0000,0.0000,0.0000,0.0000,0.0000,0.0000,0.0000,0.0000,1308.0000,0.0000,2.5631,0.0402,0.0285,0.0000,1270,461,420,0.1339,0.0000
124456,0.1820,2.7960,5.1544,0.4000,2.5000,6.2000,8.2770,23.8430,0.0589,3.0400,0.8476,4.2947,0.0277,-0.0583,1.0000,0.4916,8.4029,1.2236,0.3555,1.9333,577,215,179,0.4544,0.0000
59944,0.6827,5.2740,6.9444,0.3426,3.2500,7.7500,18.2140,45.4276,0.2661,4.3880,0.9412,2.3053,0.0402,-0.1806,1.0000,0.5565,14.1316,4.1047,0.7305,1.5513,1270,461,420,1.2195,0.0000
131369,0.3726,3.2600,4.3244,0.5581,2.0000,5.5000,6.6850,22.7851,0.0780,2.8440,0.6837,5.3593,0.1179,-0.0009,1.0000,0.5857,9.2367,3.9324,0.5726,4.1395,577,215,179,1.0569,0.0040
153129,0.5530,3.1280,5.3800,0.4201,1.7500,4.0500,5.9080,20.3978,0.1667,4.2680,0.4110,6.5571,0.3258,0.0257,1.0000,0.6764,10.4853,4.2424,0.5633,1.7078,396,154,120,1.3687,0.0000
116778,0.2096,2.8950,3.5040,0.7000,1.2500,1.7500,3.5310,5.7188,0.0150,2.7000,0.8214,6.8108,0.0374,0.0584,1.0000,0.4870,6.2498,2.5936,0.4732,1.5143,668,215,240,0.6343,0.0000
139818,0.2713,2.7420,9.6454,0.3468,2.0000,7.5000,6.8180,49.4729,0.1313,3.1740,0.6855,5.9514,0.0853,0.0078,1.0000,0.8250,14.8465,2.1608,0.6035,3.0726,457,215,120,0.6919,0.0000
171818,0.0000,0.0000,0.0000,0.0000,0.0000,0.0000,0.0000,0.0000,0.0000,0.0000,0.0000,0.0000,0.0000,0.0000,61.0000,0.0000,0.9384,0.0000,0.0000,0.0000,61,61,0,0.0140,0.0000
62250,0.3953,15.8790,16.1436,0.8486,3.5000,5.0000,53.6950,78.2737,0.2732,12.9980,0.9223,2.5485,0.0307,0.0097,1.0000,0.9463,19.6371,2.1583,0.7864,1.3625,1270,461,420,1.2690,0.0000
116779,0.1467,4.1550,4.6438,0.7653,1.5000,2.2500,5.5875,10.3132,0.0629,3.4220,0.6531,6.1568,0.0509,-0.0441,2.0000,0.3152,7.0675,0.8271,0.3630,1.1122,668,215,240,0.3316,0.0000
121131,0.0408,9.8290,10.7890,0.7308,2.0000,2.2500,19.1890,21.0127,0.0141,7.8240,0.2692,3.5279,0.0298,0.0045,1.0000,0.1042,12.2036,0.2061,0.3086,1.1923,638,215,240,0.1528,0.0000
159275,0.0000,0.0000,0.0000,0.0000,0.0000,0.0000,0.0000,0.0000,0.0000,0.0000,0.0000,0.0000,0.0000,0.0000,243.0000,0.0000,1.4400,0.0000,0.0000,0.0000,243,92,90,0.3673,0.0000
173867,0.0000,0.0000,0.0000,0.0000,0.0000,0.0000,0.0000,0.0000,0.0000,0.0000,0.0000,0.0000,0.0000,0.0000,31.0000,0.0000,3.1980,0.0484,0.3454,0.0000,31,31,0,0.0558,0.0000
47403,0.2386,3.2900,5.7452,0.3630,1.0000,6.0000,3.6630,35.4882,0.0157,3.0280,0.7426,5.0807,0.0614,0.0594,1.0000,0.5411,9.5325,3.1673,0.7154,2.5644,1270,461,420,0.5977,0.0000
64811,0.4315,3.0000,3.8956,0.6442,2.5000,4.5000,7.8145,15.9790,0.0882,2.3940,0.7993,3.6052,0.0866,0.0593,1.0000,0.5191,7.5931,2.2382,0.4388,1.6022,1270,461,420,0.6535,0.0040
62764,0.0945,2.5700,3.2726,0.6667,1.2500,2.2500,3.8805,6.2942,0.0173,2.3680,0.7000,6.2894,0.0283,0.0027,1.0000,0.2738,5.1839,0.8043,0.1795,2.5583,1270,461,420,0.4853,0.0000
93740,0.3772,2.3660,3.1476,0.7657,1.7500,3.8500,4.9320,10.7990,0.2045,2.3160,0.8529,5.6960,0.0555,0.0410,1.0000,0.8111,6.5883,2.3577,0.5950,2.6022,973,338,361,0.4378,0.0000
96812,0.1557,3.5330,4.6832,0.4014,1.0000,1.7500,4.1927,6.1109,0.0011,4.4400,0.7746,5.5480,0.0351,0.0189,1.0000,0.4174,7.8146,2.0414,0.6534,2.4296,912,338,300,0.4856,0.0000
87853,0.3124,3.3740,4.2300,0.7616,1.7500,3.4500,5.9960,12.8356,0.1431,2.9160,0.8111,4.2683,0.0590,-0.0779,1.0000,0.6005,6.9483,1.2911,0.5304,1.3994,1034,338,361,0.3401,0.0000
93741,0.3705,3.2620,4.6126,0.5081,2.0000,3.5000,6.5878,12.2290,0.0647,2.7380,0.8790,3.8021,0.0448,-0.0456,1.0000,0.8004,7.7880,2.3486,0.7377,2.6747,1004,338,361,0.4409,0.0000
96814,0.2632,2.7810,3.6668,0.5917,1.0000,1.2500,2.8560,4.7501,0.0504,2.9620,0.8292,5.7205,0.0450,-0.0399,1.0000,0.6104,6.3598,1.9608,0.6796,2.7875,912,338,300,0.3900,0.0000
116783,0.2859,9.9800,11.7680,0.3717,2.5000,4.5000,20.7870,43.6070,0.0434,5.7080,0.7487,4.5144,0.0719,0.0028,2.0000,0.4092,16.0977,2.1044,0.6637,1.2356,668,215,240,0.6915,0.0000
144176,0.2648,6.3340,6.9340,0.7888,1.5000,2.0000,9.2110,12.8165,0.0378,4.7040,0.9068,2.7078,0.0247,-0.1116,1.0000,0.4958,9.6171,1.1451,0.5139,1.1366,608,215,210,0.6019,0.0000
134962,0.0862,3.6590,4.0858,0.7619,1.0000,1.5000,3.9965,4.8950,0.0021,3.5040,0.7381,6.2876,0.0226,0.0212,2.0000,0.3083,5.8634,1.5719,0.4667,1.2381,487,215,120,0.4285,0.0000
156980,0.0000,0.0000,0.0000,0.0000,0.0000,0.0000,0.0000,0.0000,0.0000,0.0000,0.0000,0.0000,0.0000,0.0000,273.0000,0.0000,2.2851,0.0082,0.0022,0.0000,273,92,120,0.3500,0.1800
66613,0.5307,3.3110,6.9736,0.4125,1.7500,4.5000,6.0740,28.9388,0.1205,3.0500,0.7893,7.0158,0.1118,0.0322,1.0000,0.7440,13.9166,2.8030,0.6501,2.1172,1270,461,420,0.7141,0.0000
101174,0.4437,3.4200,4.6536,0.4550,2.0000,4.2500,6.8517,16.6202,0.0423,3.1220,0.8254,5.3367,0.0775,-0.0474,1.0000,0.8660,8.5600,3.1972,0.6811,2.3439,852,338,240,0.6589,0.0000
124214,0.1404,2.9760,3.6160,0.7901,1.5000,2.5000,5.1070,8.4470,0.0173,3.1240,0.8765,3.8521,0.0173,0.0424,1.0000,0.3743,6.5627,1.5641,0.5516,1.1605,577,215,179,0.3777,0.0000
125494,0.1117,4.2260,4.5680,0.8033,2.0000,2.2500,7.6070,9.2330,0.0806,3.0920,0.6885,5.1295,0.0348,-0.0128,2.0000,0.3851,6.1413,0.3036,0.4036,1.0656,546,215,148,0.1173,0.0000
124215,0.3951,4.8180,5.8044,0.7193,2.0000,3.2500,9.4525,17.7745,0.0329,3.8800,0.8816,4.3125,0.0468,0.0017,1.0000,0.7449,8.3850,2.6772,0.5914,1.4035,577,215,179,0.6820,0.0000
48183,0.0100,2.7100,2.9756,0.8462,1.0000,1.2000,2.8050,3.8340,0.0015,2.4600,0.6923,3.9806,0.0031,0.0086,45.0000,0.0147,4.5600,0.3274,0.0852,1.0000,1301,461,420,0.4132,0.1460
79415,0.4017,2.7940,4.0876,0.6139,3.7500,6.7500,11.7350,23.8770,0.0797,2.3480,0.8903,4.1303,0.0441,-0.0571,1.0000,0.9033,6.3546,3.2424,0.7623,2.4578,1180,461,361,0.5571,0.0000
101176,0.0077,4.0400,10.2680,0.1429,1.5000,2.0500,7.3580,13.3708,0.0044,3.1960,0.7143,7.9379,0.0022,0.0054,36.5000,0.0200,3.5369,0.0688,0.0485,1.0000,912,338,300,0.2006,0.0000
36920,0.1575,2.7600,3.9920,0.6500,1.0000,1.5000,3.0032,5.7459,0.0260,2.6700,0.5350,8.2289,0.0732,0.0225,1.0000,0.4078,7.8905,3.0400,0.5377,1.4000,1270,461,420,0.6195,0.0000
82232,0.2591,3.7680,10.5112,0.3310,2.0000,3.7500,8.5745,32.6082,0.0429,3.4480,0.5951,6.3920,0.1049,0.1591,2.0000,0.3720,13.3766,1.6524,0.5171,1.3768,1096,400,361,0.5220,0.0000
136761,0.0000,0.0000,0.0000,0.0000,0.0000,0.0000,0.0000,0.0000,0.0000,0.0000,0.0000,0.0000,0.0000,0.0000,457.0000,0.0000,2.3232,0.0137,0.0187,0.0000,457,215,120,0.0774,0.0200
147257,0.0278,6.7740,7.0300,1.0000,3.7500,7.2500,23.7415,42.6650,0.0278,4.0080,0.5455,6.5105,0.0126,0.0360,7.0000,0.0917,7.0817,0.1490,0.3659,1.0000,396,154,120,0.0991,0.0000
120634,0.6677,20.9770,22.9350,0.6737,3.7500,5.7500,67.4930,99.3100,0.1270,10.1760,1.0000,1.2183,0.0000,-0.0271,1.0000,0.7838,25.3187,3.0572,0.9662,1.1972,638,215,240,1.9413,0.0000
163386,0.5098,5.7700,8.9466,0.3974,1.2500,1.7500,7.7175,12.5739,0.0065,9.1720,0.7949,5.7132,0.1046,-0.0622,1.0000,0.1185,14.4598,6.3056,0.6754,2.8333,153,92,0,2.8268,0.6400
27195,0.5711,2.5240,3.7152,0.6837,1.7500,4.5000,5.0560,13.7422,0.3359,2.2960,0.7483,5.9571,0.1437,-0.2032,1.0000,0.2566,6.2880,2.6510,0.4334,1.4468,1301,461,420,0.7543,0.1300
138044,0.2079,2.6140,3.4020,0.6737,1.5000,3.7500,4.1110,13.4846,0.0197,2.8440,0.8526,4.4960,0.0306,-0.0110,1.0000,0.6417,7.2264,2.3014,0.4400,2.3158,457,215,120,0.6449,0.0000
107581,0.2418,2.9780,5.3152,0.2300,2.0000,5.2000,5.8400,24.9072,0.0692,2.4480,0.5305,7.7527,0.1135,0.2616,2.0000,0.3396,7.5564,2.4322,0.4451,1.9765,881,338,269,0.7641,0.0000
121149,0.1630,3.3390,9.2842,0.2019,1.5000,3.7750,5.3575,28.5126,0.0204,3.3240,0.7788,4.5929,0.0361,0.0487,1.0000,0.4208,13.2663,1.1368,0.4007,1.8750,638,215,240,0.4378,0.0000
131646,0.0193,2.4410,3.1370,0.8000,1.0000,1.5000,2.5995,4.3082,0.0039,1.6660,0.4000,5.9532,0.0116,0.0014,16.0000,0.0453,4.1941,0.4358,0.0611,1.0000,518,215,120,0.7625,0.1630
156990,0.0000,0.0000,0.0000,0.0000,0.0000,0.0000,0.0000,0.0000,0.0000,0.0000,0.0000,0.0000,0.0000,0.0000,273.0000,0.0000,2.1515,0.0073,0.0032,0.0000,273,92,120,0.2141,0.1120
167230,0.0000,0.0000,0.0000,0.0000,0.0000,0.0000,0.0000,0.0000,0.0000,0.0000,0.0000,0.0000,0.0000,0.0000,212.0000,0.0000,0.5898,0.0000,0.0000,0.0000,212,92,59,0.0191,0.0000
128319,0.7056,3.7880,5.4516,0.3427,2.0000,5.0000,7.7050,22.9677,0.0806,3.6000,0.7226,6.0486,0.1957,-0.1056,1.0000,-0.0704,15.3543,6.3199,0.5909,4.0816,608,215,210,1.9818,0.2890
156991,0.0000,0.0000,0.0000,0.0000,0.0000,0.0000,0.0000,0.0000,0.0000,0.0000,0.0000,0.0000,0.0000,0.0000,273.0000,0.0000,1.8819,0.0009,0.0002,0.0000,273,92,120,0.5020,0.0360
110144,0.5289,3.3620,4.1820,0.6478,3.5000,6.5000,11.3780,24.5960,0.2012,2.2880,0.8512,4.8321,0.0787,-0.0136,1.0000,0.4017,6.1398,5.2107,0.7804,3.4331,1004,338,361,1.3594,0.0000
149313,0.7945,2.7520,4.8700,0.5897,2.0000,3.0000,5.7130,17.8318,0.2521,2.6420,0.9379,3.4243,0.0493,0.0857,1.0000,0.2917,14.8406,3.6473,0.5203,1.6034,365,123,120,1.0454,0.0000
93249,0.8795,3.6260,11.4456,0.3805,2.2500,4.5000,8.4375,38.6593,0.2410,3.6400,0.7973,3.9261,0.1783,-0.2177,1.0000,0.1325,15.9463,5.7064,0.5663,1.5108,1004,338,361,1.7550,0.3500
153410,0.5691,5.5560,7.7036,0.4220,8.7500,14.4500,51.2470,99.4174,0.0066,4.4280,0.4913,3.5769,0.2895,-0.0153,1.0000,-0.9583,15.3139,8.4433,0.3356,2.9884,304,92,120,5.6366,3.5860
161858,0.4144,2.3560,3.1520,0.6800,1.5000,1.7500,3.4730,5.4626,0.2597,2.3440,1.0000,2.4361,0.0000,-0.0309,1.0000,-0.0233,4.7120,1.6561,0.7284,2.5333,181,92,28,0.3041,0.0000
150083,0.5342,2.9720,4.2880,0.5692,3.0000,8.2500,9.7660,30.1938,0.1014,3.1640,0.8103,5.7208,0.1014,0.0059,1.0000,0.8760,9.0889,5.4281,0.5499,3.4564,365,123,120,1.4786,0.0040
96067,0.5717,4.8200,7.7448,0.3606,1.7500,3.5000,8.9688,20.2826,0.0329,5.0560,0.7753,6.1856,0.1285,-0.0492,1.0000,0.2898,13.7180,5.1121,0.7241,2.6812,1004,338,361,1.5390,0.0080
162628,0.0065,4.0680,4.0680,1.0000,2.2500,2.2500,9.3010,9.3010,0.0065,2.6480,1.0000,0.0000,0.0000,-0.0091,153.0000,-0.0043,2.6402,0.0261,0.2412,1.0000,153,92,0,0.0163,0.0000
131910,0.3778,8.5030,8.8330,0.8696,5.0000,7.6750,41.8408,62.6441,0.2279,5.6560,0.8478,3.8626,0.0575,0.0087,2.0000,0.3109,12.0295,2.2793,0.7976,1.0924,487,215,120,0.8572,0.0000
105543,0.4033,3.0080,3.8536,0.7586,3.5000,9.2500,12.4780,32.0268,0.1252,2.5680,0.9404,3.6768,0.0240,0.0239,1.0000,0.9215,15.0886,2.9083,0.7567,1.7179,791,338,240,0.6074,0.0000
142407,0.4859,3.1260,10.5432,0.3043,2.0000,5.9500,6.3100,51.0248,0.1878,3.0240,0.8986,4.1759,0.0493,0.0139,1.0000,0.8062,13.3775,4.0088,0.7610,3.3720,426,184,120,0.9614,0.0000
149575,0.3836,3.8280,5.1902,0.6143,1.5000,2.5000,6.6277,11.6208,0.0329,3.8540,0.2857,2.3995,0.2740,0.0687,1.0000,0.8919,11.0043,2.2836,0.7369,1.7500,365,123,120,0.5147,0.0000
101195,0.3191,8.3820,10.2806,0.1870,1.5000,3.0000,11.5970,23.8586,0.0305,6.6480,0.7443,9.0859,0.0816,-0.0279,1.0000,0.5638,14.0072,2.3313,0.7048,1.4275,821,338,240,0.5939,0.0000
154700,0.2368,6.5800,10.7448,0.1111,2.2500,3.7250,14.5630,35.5305,0.1118,3.7940,0.4167,3.8416,0.1382,0.0265,3.0000,0.0268,13.4892,0.7632,0.5701,1.0833,304,92,120,0.3661,0.0040
162636,0.0719,10.4560,12.3300,0.3636,2.0000,3.2500,20.0100,35.7510,0.0327,5.6280,0.8182,5.9139,0.0131,-0.0030,2.0000,0.0719,13.1376,0.3317,0.5386,1.5455,153,92,0,0.1591,0.0000
162637,0.1765,6.3420,6.7712,0.6296,4.2500,7.5000,25.3860,49.7142,0.0915,3.3320,0.7037,4.3298,0.0523,0.0133,1.0000,0.1221,9.7180,0.8938,0.6319,1.1852,153,92,0,0.3336,0.0000
56399,0.2134,3.1840,4.4160,0.2583,1.7500,6.2500,4.8810,28.4280,0.0732,2.3840,0.8303,4.9115,0.0362,-0.0018,1.0000,0.5764,7.3974,1.4927,0.6255,1.8708,1270,461,420,0.3010,0.0000
136016,0.2516,4.5540,12.1388,0.0435,2.0000,5.5000,7.6800,64.1434,0.0613,4.7560,0.9391,3.4275,0.0153,-0.0507,2.0000,0.3837,15.7702,3.6729,0.6335,1.3478,457,215,120,1.0380,0.0000
150096,0.4548,3.3020,4.3220,0.4940,1.2500,1.7500,3.5840,7.9165,0.0932,3.1840,0.8012,5.0723,0.0904,0.0229,1.0000,0.9335,8.4469,2.4336,0.7466,2.4036,365,123,120,0.4948,0.0000
118609,0.6740,8.3770,9.8990,0.4605,3.7500,12.7500,29.2720,72.3441,0.1034,6.3580,0.9093,3.1816,0.0611,-0.2357,1.0000,0.6230,16.8720,5.9177,0.8218,1.8605,638,215,240,1.6015,0.0000
138577,0.0109,2.4740,2.6004,1.0000,1.0000,1.1500,2.7330,3.3147,0.0000,2.0080,1.0000,0.3392,0.0000,0.0277,42.0000,0.0250,6.3214,0.1800,0.0846,1.0000,457,215,120,0.2675,0.0000
111698,0.0000,0.0000,0.0000,0.0000,0.0000,0.0000,0.0000,0.0000,0.0000,0.0000,0.0000,0.0000,0.0000,0.0000,761.0000,0.0000,0.1417,0.0000,0.0000,0.0000,730,277,240,0.0239,0.0000
126291,0.0539,3.6390,4.3840,0.3333,1.0000,2.2500,4.2825,6.4785,0.0180,2.9740,0.8056,3.2878,0.0105,-0.0241,2.0000,0.1375,6.6159,0.3275,0.3726,1.1667,668,215,240,0.1395,0.0000
119892,0.4906,3.8980,6.2160,0.3866,1.5000,3.7500,6.8080,14.2776,0.1003,4.4000,0.5591,4.1727,0.2163,-0.1098,1.0000,0.7579,9.3634,2.8828,0.6227,1.5687,638,215,240,0.7153,0.0000
128853,0.7399,5.0650,6.4960,0.4059,1.5000,2.7500,7.3145,14.1059,0.1502,4.9440,0.4035,5.6272,0.4414,0.0321,1.0000,0.2434,10.6156,4.3516,0.6513,2.6980,546,215,148,1.3967,0.2700
171608,0.0000,0.0000,0.0000,0.0000,0.0000,0.0000,0.0000,0.0000,0.0000,0.0000,0.0000,0.0000,0.0000,0.0000,122.0000,0.0000,0.0000,0.0000,0.0000,0.0000,122,92,0,0.0000,0.0000
106074,0.3856,4.1280,9.4224,0.6459,1.5000,4.0000,5.8910,30.7373,0.0341,4.9520,0.7803,6.2153,0.0847,-0.0319,1.0000,0.8009,16.5732,3.8372,0.8080,3.8164,791,338,240,0.9184,0.0000
122202,0.2485,3.5620,4.5236,0.6965,2.0000,3.2500,8.4450,13.5238,0.0116,2.9040,0.9300,2.3394,0.0174,-0.1352,1.0000,0.4714,6.6668,1.5798,0.6311,1.1518,1034,338,361,0.5358,0.0000
123483,0.2061,3.1490,5.8828,0.8777,1.7500,2.5000,5.5920,9.8402,0.1831,2.5020,0.7713,3.9261,0.0471,-0.0624,1.0000,-0.3851,6.3609,0.5603,0.2257,1.1064,912,338,269,0.5370,0.1020
33116,0.5866,4.1980,7.1452,0.6819,1.7500,4.2500,8.3260,24.6830,0.1039,4.0440,0.8268,4.7074,0.1016,-0.0306,1.0000,0.8157,15.9855,4.9915,0.7765,3.8604,1270,461,420,1.1584,0.0000
106333,0.0085,2.3980,3.3252,0.8571,1.0000,1.2500,2.4300,3.7761,0.0049,1.8200,0.2857,3.2712,0.0061,0.0000,105.5000,0.0066,4.0041,0.1989,0.0503,1.0000,822,338,240,0.4130,0.1850
162909,0.5844,2.7040,2.7436,1.0000,3.2500,5.5000,8.6585,14.9413,0.5844,2.0600,1.0000,0.6884,0.0000,0.0054,1.0000,-1.0000,2.7840,2.5566,0.6889,1.4014,243,92,90,0.7087,0.0000
27485,0.3751,6.3592,6.8760,0.8217,1.2500,1.7500,6.8462,10.0232,0.1330,4.4820,0.9529,1.6980,0.0177,-0.4455,1.0000,-0.1313,7.8560,0.9923,0.3091,1.0020,1301,461,420,0.7380,0.2640
106334,0.1946,10.1780,10.3332,0.9875,3.2500,5.2500,32.3193,51.5748,0.1569,7.2360,0.1187,2.8729,0.1715,0.0804,5.0000,0.0444,12.5519,0.8966,0.5544,1.0063,822,338,240,0.5613,0.0640
162910,0.0000,0.0000,0.0000,0.0000,0.0000,0.0000,0.0000,0.0000,0.0000,0.0000,0.0000,0.0000,0.0000,0.0000,243.0000,0.0000,2.0022,0.0041,0.0015,0.0000,243,92,90,0.4096,0.0000
106079,0.1846,4.1590,4.7960,0.6507,1.2500,2.2500,5.2153,8.6933,0.0645,3.0080,0.9247,3.2965,0.0139,-0.0788,1.0000,0.5679,6.9462,0.6969,0.2541,1.4110,791,338,240,0.3988,0.0000
106335,0.8496,4.1460,7.2266,0.3051,1.7500,3.9750,6.9725,23.0301,0.0657,2.9340,0.1682,3.7154,0.7067,-0.0124,1.0000,0.2110,11.3548,6.2203,0.7687,3.0536,791,338,240,1.4141,0.0000
162911,0.5844,2.1660,2.2520,1.0000,3.2500,5.4750,6.9560,11.3638,0.5844,1.6780,1.0000,0.6855,0.0000,0.0054,1.0000,-1.0000,2.3080,2.3971,0.7787,1.2606,243,92,90,0.4711,0.0000
27487,0.1261,4.5650,7.1854,0.1220,1.0000,3.1750,5.9935,12.4661,0.0238,5.2540,0.8110,2.9328,0.0238,0.0914,4.0000,0.0706,9.2800,1.1889,0.3475,1.1098,1301,461,420,0.6714,0.1580
106336,0.3805,3.8120,10.4400,0.2027,2.0000,6.0000,7.7080,44.1310,0.0303,4.5000,0.6678,7.8299,0.1264,0.0000,1.0000,0.9086,14.8872,4.5307,0.7493,5.1130,791,338,240,1.1485,0.0000
162912,0.5844,2.2040,2.2158,1.0000,3.2500,5.5000,7.1510,12.0557,0.5844,1.6900,1.0000,0.6860,0.0000,0.0054,1.0000,-1.0000,2.2423,2.5051,0.7183,1.3662,243,92,90,0.5468,0.0000
131425,0.3102,3.1260,4.3020,0.5363,1.2500,1.8000,3.7230,7.5068,0.0260,3.2640,0.7039,7.0350,0.0919,0.0436,1.0000,0.5438,6.7363,2.7678,0.5817,1.9888,577,215,179,0.7249,0.0000
162401,0.1651,2.3360,3.4384,0.6286,2.2500,5.3000,5.3550,16.1510,0.0425,2.1720,0.9714,2.2868,0.0047,-0.1140,1.0000,-0.0435,5.3483,0.8172,0.3696,1.2571,212,92,59,0.3653,0.0000
126306,0.1273,4.0140,6.6296,0.4045,1.0000,1.7500,4.6640,9.2991,0.0014,3.7600,0.8202,4.9614,0.0229,-0.0523,1.0000,0.3042,10.1687,1.3140,0.7146,1.4382,699,246,240,0.3664,0.0000
142434,0.0282,2.9750,3.1238,0.9167,1.0000,1.0000,2.8305,3.0164,0.0047,2.2720,0.6667,7.2337,0.0094,0.0068,1.0000,-0.0598,3.1745,0.0681,0.0708,1.0000,426,184,120,0.1195,0.0380
162915,0.0000,0.0000,0.0000,0.0000,0.0000,0.0000,0.0000,0.0000,0.0000,0.0000,0.0000,0.0000,0.0000,0.0000,243.0000,0.0000,0.9520,0.0000,0.0000,0.0000,243,92,90,0.1915,0.0000
160101,0.0047,3.5160,3.5160,1.0000,2.0000,2.0000,6.7420,6.7420,0.0000,2.5880,1.0000,0.0000,0.0000,-0.0066,212.0000,0.0000,4.5765,0.4410,0.4041,1.0000,212,92,59,0.1926,0.0000
160102,0.0755,2.8010,3.8490,0.6250,1.8750,3.8750,6.8295,12.5595,0.0189,2.2580,1.0000,1.1869,0.0000,-0.0820,2.0000,-0.0435,4.9565,0.4458,0.5642,1.0625,212,92,59,0.1535,0.0000
160358,0.5755,4.7560,5.8236,0.5902,5.5000,14.2250,25.1200,71.1195,0.0377,4.0400,0.9262,4.2943,0.0425,-0.0123,1.0000,0.2272,12.0798,5.3066,0.8189,1.8934,212,92,59,1.4798,0.0000
128103,0.5714,3.3980,4.2260,0.7804,2.5000,8.7500,9.7490,33.2455,0.2568,4.4520,0.9358,3.3388,0.0367,-0.0054,1.0000,0.8428,15.2321,4.8475,0.7696,2.7568,518,215,120,1.0080,0.0000
160103,0.0377,3.0270,3.6594,0.5000,1.2500,2.0250,3.4800,6.8175,0.0047,2.5780,1.0000,3.6746,0.0000,-0.0526,5.0000,-0.0217,4.4676,0.8432,0.4064,1.0000,212,92,59,0.4032,0.0000
120936,0.1771,9.1380,10.2260,0.6195,1.7500,3.7500,14.0000,35.2588,0.0768,6.2680,0.8319,5.0309,0.0298,-0.0095,2.0000,0.3944,12.4633,0.9726,0.3896,1.3097,638,215,240,0.5230,0.0040
160104,0.0094,2.8420,3.0804,1.0000,1.1250,1.2250,3.1440,3.6136,0.0047,2.3640,1.0000,1.5200,0.0000,0.0101,2.0000,0.0000,3.8583,0.3196,0.1683,1.0000,212,92,59,0.3400,0.0000
120937,0.0313,2.6700,3.5960,0.7000,1.2500,1.5250,3.5335,5.1493,0.0031,2.3720,0.4500,6.0454,0.0172,-0.0054,18.0000,0.0578,4.6670,0.2931,0.1048,1.0500,638,215,240,0.3069,0.0000
139881,0.6105,15.2040,15.4404,0.9642,4.0000,8.0000,59.4170,120.5854,0.4880,13.8320,0.9892,2.0377,0.0066,-0.0147,1.0000,0.7953,21.2538,3.7385,0.9331,1.5412,457,215,120,2.3153,0.0460
90985,0.8010,2.9520,4.2940,0.5911,2.0000,3.5000,6.1580,13.9987,0.0444,3.1120,0.6598,4.3734,0.2725,0.0366,1.0000,0.5118,6.6246,7.5688,0.8069,4.8311,1035,338,361,1.3430,0.1120
118890,0.7147,2.6860,4.2800,0.6623,2.5000,4.7500,6.9130,16.4765,0.2586,2.5640,0.7237,6.8067,0.1975,-0.0544,1.0000,0.6575,6.5596,8.7555,0.6865,5.6776,638,215,240,1.7007,0.0780
107115,0.6022,6.1100,6.2812,0.9394,7.0000,13.5000,44.6580,84.1266,0.5012,5.5080,0.9677,2.0766,0.0195,-0.0174,1.0000,0.7619,13.6518,5.6694,0.7627,1.4424,822,338,240,1.9336,0.1320
135531,0.0308,2.9140,3.2680,0.8000,1.2500,2.0000,3.4855,6.3385,0.0041,2.5040,0.6667,3.7590,0.0103,0.0177,2.5000,-0.0568,4.3735,0.1360,0.0660,1.0000,487,215,120,0.2501,0.1240
106348,0.0657,2.3980,2.9601,0.7407,1.0000,2.2500,2.9845,6.2336,0.0219,1.7440,0.3889,5.2317,0.0401,0.0336,2.0000,0.1727,4.0238,0.3406,0.0656,1.2037,822,338,240,0.5595,0.1120
155244,0.0270,2.7060,3.6008,0.5652,1.0000,1.2500,2.8200,3.8028,0.0012,2.0520,0.3043,4.1459,0.0188,0.0024,8.5000,0.0364,4.7175,0.3049,0.2556,1.0870,852,338,240,0.4030,0.0000
156525,0.1382,8.1100,11.4022,0.0952,4.2500,7.4250,35.5750,50.5740,0.0724,4.6760,0.4048,4.4243,0.0822,0.0668,3.0000,0.1764,12.8375,0.7755,0.6175,1.0476,304,92,120,0.3884,0.0020
174189,0.0000,0.0000,0.0000,0.0000,0.0000,0.0000,0.0000,0.0000,0.0000,0.0000,0.0000,0.0000,0.0000,0.0000,31.0000,0.0000,2.2674,0.0323,0.0115,0.0000,31,31,0,0.7194,0.0000
69997,0.0748,9.9920,11.2412,0.5474,2.0000,3.7500,15.2460,37.5880,0.0299,5.7840,0.5895,5.8137,0.0307,0.0071,5.0000,0.0397,12.4941,0.4766,0.5057,1.0421,1270,461,420,0.2056,0.0000
155246,0.0000,0.0000,0.0000,0.0000,0.0000,0.0000,0.0000,0.0000,0.0000,0.0000,0.0000,0.0000,0.0000,0.0000,883.0000,0.0000,0.5737,0.0000,0.0000,0.0000,852,338,240,0.1883,0.0000
107887,0.3539,5.5560,8.0596,0.1115,3.0000,6.5000,16.1630,46.0116,0.0224,3.5840,0.7807,3.7974,0.0776,-0.1039,2.0000,0.4611,12.9045,3.0112,0.7662,1.3717,760,307,240,0.7361,0.0000
150127,0.0164,3.5100,3.6290,0.8333,4.6250,7.7500,14.2740,27.8595,0.0110,3.5640,1.0000,3.6945,0.0000,-0.0230,1.0000,0.0083,3.9622,0.0870,0.0988,1.0000,365,123,120,0.1310,0.0000
155247,0.3286,2.4320,5.2832,0.6464,3.5000,7.0000,13.3510,29.4468,0.0822,4.2580,0.8750,3.5367,0.0411,-0.0011,1.0000,0.2308,7.6200,2.7732,0.6848,3.1357,852,338,240,1.9451,0.0000
99439,0.6822,3.1200,6.5100,0.2030,4.5000,7.7500,17.5840,43.3190,0.0692,5.0040,0.8136,5.4011,0.1271,-0.0106,1.0000,0.4987,18.3604,6.9756,0.8628,2.6889,881,338,269,1.5889,0.0000
156784,0.2862,2.8680,4.1080,0.5287,1.2500,2.2500,3.8500,7.5198,0.0526,2.6040,0.8621,5.7414,0.0395,-0.0424,1.0000,0.6250,8.3835,1.4753,0.2836,2.2529,304,92,120,0.7264,0.0000
162160,0.2484,6.3110,6.7812,0.7368,1.2500,2.2500,8.0070,12.9260,0.0784,4.4880,0.8421,3.8543,0.0392,0.0104,1.0000,0.1397,9.1082,1.2663,0.6180,1.2105,153,92,0,0.3412,0.0000
46962,0.1153,4.0810,4.2102,0.6267,1.2500,1.7500,4.4445,6.3167,0.0584,3.0140,0.7733,3.8550,0.0261,0.0989,2.0000,0.0216,4.3960,0.5233,0.4152,1.2200,1301,461,420,0.1683,0.0560
97650,0.4035,3.2790,4.4884,0.5571,2.7500,5.0000,9.5015,17.9771,0.0252,3.3520,0.8641,4.9270,0.0548,0.0005,1.0000,0.7711,9.3139,3.2097,0.4037,2.2554,912,338,300,1.2301,0.0000
107123,0.5727,6.4880,11.9920,0.0993,2.7500,5.2500,19.0070,55.1230,0.0544,5.4760,0.7815,3.7097,0.1252,-0.0027,1.0000,0.5788,19.1292,4.0692,0.7891,1.4260,791,338,240,1.2915,0.0000
119923,0.5470,9.3630,10.5522,0.6720,4.5000,7.0000,37.5820,65.6558,0.0219,4.2920,0.9920,2.0403,0.0044,-0.0227,1.0000,0.8372,16.0597,2.7068,0.7767,1.0600,457,215,120,1.2004,0.0000
63347,0.5362,4.6240,10.5680,0.3671,3.0000,9.2500,18.2060,50.9120,0.0858,4.1600,0.6975,4.0856,0.1622,-0.0256,1.0000,0.5325,15.5368,5.3565,0.7741,2.2702,1270,461,420,1.2387,0.0000
150900,0.7096,4.5660,11.7140,0.2700,2.5000,4.7500,12.9590,43.3104,0.0659,5.2920,0.6329,4.9693,0.2605,-0.0696,1.0000,0.6707,18.4805,8.4858,0.6969,3.4219,334,92,120,2.4011,0.0000
140406,0.1437,2.8450,3.6010,0.5143,1.5000,2.5000,4.6775,8.7130,0.0082,2.2700,0.7286,1.9800,0.0390,0.0017,2.0000,0.4490,6.6263,0.6530,0.1766,1.1857,487,215,120,0.5306,0.0000
162934,0.2745,2.5450,3.0268,0.8095,1.2500,1.7500,3.3745,5.2293,0.0196,2.0480,0.5714,8.2736,0.1176,-0.0260,2.0000,0.1006,5.0944,1.4592,0.2511,1.5000,153,92,0,0.6497,0.2000
56950,0.1425,4.0280,4.6560,0.6188,1.2500,3.2500,5.5900,16.1940,0.0134,3.8640,0.7901,4.4345,0.0299,-0.0530,2.0000,0.3703,8.0772,2.1398,0.5823,1.2818,1270,461,420,0.5237,0.0000
96886,0.2884,2.8740,6.2144,0.4563,1.5000,1.7500,4.0590,8.8022,0.0888,3.9440,0.9240,3.8620,0.0219,-0.0268,1.0000,0.6833,9.3973,1.9561,0.6937,3.2433,912,338,300,0.3936,0.0000
155255,0.2350,3.1840,5.1616,0.7006,1.7500,5.5000,5.7560,25.7446,0.0704,3.2080,0.8917,4.8238,0.0254,0.0081,1.0000,0.4870,9.5085,1.7395,0.8319,3.9236,668,215,240,0.7213,0.0000
46967,0.0000,0.0000,0.0000,0.0000,0.0000,0.0000,0.0000,0.0000,0.0000,0.0000,0.0000,0.0000,0.0000,0.0000,1308.0000,0.0000,3.7320,0.0438,0.0241,0.0000,1301,461,420,0.2025,0.1540
130680,0.4107,3.3360,3.4860,0.7637,2.2500,5.2500,7.5280,17.6628,0.1698,2.8560,0.9072,2.9272,0.0381,-0.0372,1.0000,0.6322,7.7325,1.4545,0.7472,1.3376,577,215,179,0.3055,0.0000
46968,0.6480,2.1020,2.3716,0.9359,1.7500,3.2500,3.5930,7.3879,0.5696,1.7280,0.7367,4.4338,0.1706,-0.1184,1.0000,0.0935,4.3240,1.6735,0.4742,1.0593,1301,461,420,0.3272,0.0480
106873,0.2935,4.8920,5.7560,0.7925,2.2500,3.5000,10.9150,17.3230,0.0962,4.1480,0.9627,2.4276,0.0110,0.0616,1.0000,0.5658,8.9760,1.0655,0.6111,1.4357,821,338,240,0.3720,0.0000
150906,0.0150,3.6980,4.3688,0.6000,2.7500,3.2500,11.4840,14.3734,0.0030,4.4200,0.4000,4.7823,0.0090,-0.0060,32.5000,0.0333,7.0694,4.0060,0.7249,1.0000,334,92,120,0.8321,0.0110
174202,0.2903,10.1940,10.2960,0.6667,1.7500,2.2500,14.7500,20.8484,0.1290,9.8480,0.6667,4.9696,0.0968,-0.0543,1.0000,0.0000,10.6100,3.4194,0.8736,3.1111,31,31,0,3.9174,0.0000
146811,0.4192,3.6320,4.5110,0.5602,1.0000,1.5000,4.1790,7.0410,0.0051,3.4980,0.8072,4.9121,0.0808,-0.0118,1.0000,0.8462,7.8475,3.9956,0.8211,3.3253,396,154,120,0.8156,0.0000
93564,0.2211,2.6650,11.4138,0.1937,2.7500,5.2250,10.6905,26.1613,0.0986,3.8080,0.4595,6.2803,0.1195,0.0037,1.0000,0.0075,15.0402,1.6858,0.4282,1.7883,1004,338,361,1.3627,0.0000
106365,0.3363,3.4770,4.3320,0.6128,1.7500,3.0000,7.1942,11.5610,0.0126,3.7020,0.7481,5.3878,0.0847,0.0310,1.0000,0.8958,8.5122,2.3328,0.6461,2.2180,791,338,240,0.5112,0.0100
124797,0.0017,3.2160,3.2160,1.0000,2.7500,2.7500,8.7000,8.7000,0.0000,1.7640,0.0000,0.0000,0.0017,0.0061,577.0000,0.0056,2.3776,0.0152,0.0240,1.0000,577,215,179,0.0738,0.0080
159613,0.2830,2.5890,3.2774,0.6333,1.2500,1.7500,3.4570,5.2212,0.0802,3.0520,0.7833,5.5975,0.0613,-0.0228,1.0000,0.5932,5.0170,3.5083,0.6402,5.5833,212,92,59,0.6649,0.0680
95357,0.7074,2.9600,3.7536,0.6270,1.5000,2.5000,4.7490,8.3478,0.0903,2.5640,0.1771,3.7617,0.5821,-0.4866,1.0000,0.0234,7.4499,2.5642,0.2166,1.6618,974,338,331,1.4879,0.6430
159614,0.0000,0.0000,0.0000,0.0000,0.0000,0.0000,0.0000,0.0000,0.0000,0.0000,0.0000,0.0000,0.0000,0.0000,212.0000,0.0000,0.6845,0.0000,0.0000,0.0000,212,92,59,0.0081,0.0000
91774,0.5329,5.4000,7.3624,0.5533,2.0000,4.0000,10.3410,27.5694,0.0259,5.2760,0.8766,4.8341,0.0657,-0.0143,1.0000,0.9133,15.9187,6.4485,0.8071,5.0785,1004,338,361,1.7413,0.0000
62847,0.0181,2.5920,2.8656,0.8696,1.0000,1.2500,2.6940,3.7205,0.0031,1.7360,0.7391,1.7421,0.0047,0.0171,17.0000,0.0312,3.7647,0.1575,0.0276,1.0000,1270,461,420,0.6103,0.0000
131712,0.3533,3.4440,4.5612,0.7486,1.7500,3.2500,6.5040,13.4186,0.0425,4.0200,0.8306,6.2848,0.0598,-0.0311,1.0000,0.9295,9.0934,3.2601,0.7354,2.5410,518,215,120,0.6469,0.0000
167808,0.0000,0.0000,0.0000,0.0000,0.0000,0.0000,0.0000,0.0000,0.0000,0.0000,0.0000,0.0000,0.0000,0.0000,122.0000,0.0000,0.8762,0.0020,0.0049,0.0000,122,92,0,0.0565,0.0080
128897,0.0000,0.0000,0.0000,0.0000,0.0000,0.0000,0.0000,0.0000,0.0000,0.0000,0.0000,0.0000,0.0000,0.0000,546.0000,0.0000,0.0280,0.0000,0.0000,0.0000,546,215,148,0.0040,0.0000
163457,0.0654,2.6000,3.3618,0.8000,1.0000,1.3250,2.7775,4.5845,0.0131,2.7660,0.6000,3.5042,0.0261,0.0061,6.0000,0.0436,4.8620,1.5588,0.2999,1.4000,153,92,0,0.6798,0.0760
167809,0.0000,0.0000,0.0000,0.0000,0.0000,0.0000,0.0000,0.0000,0.0000,0.0000,0.0000,0.0000,0.0000,0.0000,122.0000,0.0000,1.9286,0.0061,0.0045,0.0000,122,92,0,0.1682,0.0240
147332,0.4596,3.5190,9.1252,0.2363,1.2500,6.7250,4.8137,58.1688,0.0732,4.1600,0.7967,4.6840,0.0934,0.1186,1.0000,0.8415,14.0343,5.1149,0.7761,4.1429,396,154,120,1.2564,0.0000
115589,0.0039,2.5240,2.8412,0.8000,1.0000,1.4000,2.5700,4.1494,0.0000,1.9440,0.8000,2.3449,0.0008,-0.0055,6.0000,0.0119,3.5404,0.0726,0.1116,1.0000,1270,461,420,0.1226,0.0000
123269,0.2508,2.8060,3.4444,0.6625,1.2500,1.5000,3.4725,5.2378,0.0408,2.8700,0.8938,5.1864,0.0266,0.0027,1.0000,0.5833,6.3191,1.8021,0.6816,2.9625,638,215,240,0.3561,0.0000
127621,0.1042,10.2420,11.7020,0.4630,3.2500,5.1750,26.3105,55.3260,0.0425,4.5180,0.6667,3.7324,0.0347,-0.0703,4.0000,0.2638,12.5453,0.4590,0.4712,1.0556,518,215,120,0.2977,0.0000
137605,0.1050,2.6230,3.6332,0.6458,1.2500,1.7500,3.4435,5.4394,0.0306,2.4460,0.5625,7.3573,0.0460,0.0682,1.0000,0.3917,5.4864,0.5859,0.2400,1.6042,457,215,120,0.2831,0.0000
36229,0.0046,2.3700,2.6380,1.0000,1.5000,2.0000,3.5498,5.7135,0.0015,2.4660,0.6667,3.9273,0.0015,0.0011,128.0000,0.0050,3.3060,0.0997,0.0500,1.1667,1301,461,420,0.1987,0.0820
120966,0.2273,11.3680,12.0832,0.7310,3.2500,5.2500,33.7995,52.0800,0.1505,8.9400,0.7517,5.1719,0.0564,0.1433,3.0000,0.1460,13.2759,1.0984,0.4609,1.2000,638,215,240,0.8315,0.0000
36230,0.6134,4.3690,5.8346,0.7080,2.7500,6.2500,12.1765,34.2460,0.1745,3.8560,0.3722,4.1550,0.3851,-0.0247,1.0000,0.5398,11.2680,5.4312,0.8581,2.7845,1301,461,420,1.2327,0.0720
120967,0.1661,9.9230,12.1510,0.2830,3.2500,4.5000,31.2710,51.5155,0.1082,6.7420,0.4906,5.9897,0.0846,0.0520,5.0000,0.1050,13.3821,0.7645,0.4139,1.0189,638,215,240,0.6044,0.0000
147591,0.3485,3.0280,4.1468,0.6014,1.2500,1.7500,4.1235,6.2046,0.1162,2.9600,0.8188,5.7478,0.0631,0.0121,1.0000,0.8435,6.2881,2.0032,0.7186,3.0580,396,154,120,0.5482,0.0000
87431,0.0638,6.7800,6.9930,0.6667,2.5000,6.2500,14.4985,42.7020,0.0445,4.7640,0.5909,6.8169,0.0261,0.0431,4.0000,0.1801,7.9641,0.3486,0.3218,1.1061,1034,338,361,0.2362,0.0400
92041,0.1778,3.1050,4.4086,0.5380,1.2500,1.7500,3.8537,6.1819,0.0106,4.4160,0.5870,4.8842,0.0734,0.0311,2.0000,0.3679,6.9655,5.3821,0.5148,1.5109,1035,338,361,1.3808,0.2700
114315,0.5986,3.0020,4.4792,0.5606,2.0000,3.2500,6.2900,13.1834,0.0274,2.8080,0.6911,9.6345,0.1849,-0.0102,1.0000,0.8473,7.2514,6.9764,0.7540,5.4394,730,277,240,1.2977,0.0460
170123,0.0000,0.0000,0.0000,0.0000,0.0000,0.0000,0.0000,0.0000,0.0000,0.0000,0.0000,0.0000,0.0000,0.0000,61.0000,0.0000,0.7256,0.0000,0.0000,0.0000,61,61,0,0.0026,0.0000
98955,0.1646,2.7620,2.8760,0.6690,1.5000,3.4000,4.1250,8.4081,0.1464,2.5280,0.9241,3.4199,0.0125,-0.0082,1.0000,0.3941,3.7136,0.4064,0.4611,1.2759,881,338,269,0.0994,0.0000
54412,0.3929,3.1540,3.4764,0.9158,1.7500,2.5000,5.2300,8.0402,0.1071,2.3320,0.8497,4.8753,0.0591,-0.0024,1.0000,0.8601,4.8796,1.9207,0.6233,1.4309,1270,461,420,0.3604,0.0000
70028,0.4213,3.6600,4.8760,0.5009,1.5000,3.0000,5.5810,16.2360,0.0433,3.3840,0.6654,4.1819,0.1409,-0.0421,1.0000,0.7610,14.5690,2.5006,0.6146,1.5944,1270,461,420,0.6008,0.0000
156301,0.0493,2.8540,3.5696,0.6000,1.2500,3.4000,3.5390,11.9912,0.0230,2.5200,0.4667,5.6466,0.0263,-0.0526,2.0000,0.1250,5.1009,0.3331,0.3157,1.2000,304,92,120,0.1358,0.0000
164493,0.7516,3.6900,4.5692,0.6783,1.2500,2.2500,5.2090,9.0060,0.0588,4.0280,0.6087,6.0070,0.2941,-0.0104,1.0000,-0.1071,8.7266,4.6667,0.7070,1.9739,153,92,0,1.1932,0.0540
96653,0.0395,2.9000,3.4970,0.8056,1.0000,1.5000,3.0275,5.2120,0.0121,2.4900,0.7500,5.1927,0.0099,-0.0229,7.0000,0.0289,5.1623,0.2673,0.1705,1.0000,912,338,300,0.1920,0.0000
107150,0.3082,4.2380,7.9032,0.1818,2.0000,3.5000,10.5340,17.1344,0.0633,4.7800,0.8498,4.0981,0.0463,0.0711,1.0000,0.5779,11.2996,1.6233,0.5250,1.3202,821,338,240,0.5536,0.0000
94862,0.1962,3.2460,4.2384,0.4703,1.0000,1.5000,3.5410,5.7018,0.0106,3.6960,0.6865,7.4431,0.0615,0.0209,1.0000,0.5196,9.2575,3.2476,0.6771,2.8541,943,338,331,0.6312,0.0000
169871,0.0000,0.0000,0.0000,0.0000,0.0000,0.0000,0.0000,0.0000,0.0000,0.0000,0.0000,0.0000,0.0000,0.0000,61.0000,0.0000,1.0400,0.0041,0.0440,0.0000,61,61,0,0.0082,0.0000
150672,0.4491,4.0510,8.9800,0.4467,1.5000,3.7750,6.1778,22.3377,0.0060,5.0620,0.7267,5.2643,0.1228,0.0560,1.0000,0.9141,16.8282,5.2859,0.7467,2.6067,334,92,120,1.1777,0.0040
153488,0.1250,2.9740,3.3178,0.8421,1.0000,2.3250,3.2935,7.1007,0.0230,2.3300,0.8684,2.7048,0.0164,-0.0446,3.0000,0.3000,5.3248,0.8742,0.2437,1.1053,304,92,120,0.4243,0.0020
144017,0.0632,2.3200,3.1328,0.7083,1.0000,1.8250,2.8920,5.4777,0.0171,1.9380,0.8542,4.6460,0.0092,0.0015,2.0000,0.1750,4.4148,0.2681,0.2004,1.1250,760,307,240,0.2673,0.0000
54162,0.1425,5.0280,10.4280,0.1492,2.7500,5.5000,13.4040,48.1760,0.0465,3.4640,0.6022,3.9212,0.0567,-0.0028,4.0000,0.0824,11.8422,0.5974,0.4511,1.0718,1270,461,420,0.2980,0.0000
76690,0.9205,4.3880,7.8252,0.4175,4.0000,6.5000,24.8810,48.8244,0.0220,12.4040,0.8383,3.3472,0.1488,-0.0005,1.0000,-0.1405,27.5655,9.3415,0.7752,3.0282,1270,461,420,2.9576,0.0020
65427,0.2323,2.7080,3.7172,0.6000,2.0000,4.5000,5.6540,15.6866,0.0480,2.4720,0.8746,5.8736,0.0291,0.0142,1.0000,0.5810,10.6152,2.0709,0.4747,2.8881,1270,461,420,0.5253,0.0000
72083,0.5698,3.0160,4.1620,0.5212,2.5000,7.2500,7.9543,28.0550,0.0823,3.2820,0.8697,7.8244,0.0743,-0.0463,1.0000,0.8581,8.5998,5.5349,0.6232,3.2762,1239,461,389,1.1952,0.0060
75923,0.4354,3.4360,5.0884,0.3327,1.7500,3.5000,6.4360,14.7310,0.0843,3.2120,0.7450,6.2184,0.1110,-0.0272,1.0000,0.8378,8.9721,3.5010,0.7921,4.7342,1270,461,420,0.6589,0.0000
60564,0.0492,2.9160,4.4918,0.5469,1.2500,3.1000,3.7755,9.9128,0.0085,2.8040,0.6875,4.3181,0.0154,0.0028,10.0000,0.0512,7.5700,0.6973,0.1194,1.1406,1301,461,420,0.7925,0.2300
120725,0.1129,3.1170,3.7270,0.6389,1.0000,1.5000,3.2720,4.6964,0.0047,3.3640,0.8472,4.1094,0.0172,0.0112,1.0000,0.2708,5.9314,1.7861,0.5977,1.6389,638,215,240,0.3600,0.0000
163477,0.0196,2.2860,2.6044,0.6667,1.0000,1.2000,2.8020,3.2436,0.0065,1.6520,1.0000,0.7184,0.0000,-0.0273,17.5000,-0.0130,3.1278,0.0752,0.0568,1.0000,153,92,0,0.2898,0.0000
102550,0.7576,4.7820,9.2396,0.1222,3.7500,9.2500,21.0375,59.6455,0.0767,6.1760,0.8473,4.4220,0.1157,0.0043,1.0000,0.4704,21.2324,7.4814,0.8135,3.3183,821,338,240,2.5481,0.0000
115607,0.6409,4.4420,11.6680,0.0871,2.1250,5.0000,12.9720,36.0259,0.1660,6.3140,0.7232,4.4295,0.1774,-0.0013,1.0000,0.6209,16.2232,5.0014,0.7669,3.0826,699,246,240,1.2575,0.0000
145815,0.6150,3.6870,11.3482,0.2290,1.7500,6.0000,6.7135,67.5345,0.1174,3.4360,0.6908,7.6839,0.1901,0.0644,1.0000,0.6460,15.9585,4.7940,0.6120,3.0916,426,184,120,1.7236,0.3880
147351,0.1162,3.0830,3.8980,0.7174,1.0000,1.2500,3.3100,4.7560,0.0025,3.1880,0.5870,7.0805,0.0480,-0.0001,1.0000,0.3833,6.1117,1.3119,0.6703,1.3913,396,154,120,0.3952,0.0000
156311,0.3520,3.0560,4.7640,0.5421,2.2500,4.6000,9.0590,17.0986,0.1086,2.8760,0.9065,3.7661,0.0329,-0.0044,1.0000,0.6174,5.9230,3.6283,0.6366,2.9813,304,92,120,0.8672,0.0000
98200,0.2611,4.4020,11.5408,0.1957,1.5000,2.7500,7.0235,24.0940,0.0556,8.5240,0.8522,5.3271,0.0386,-0.0044,1.0000,0.6736,14.3256,1.2551,0.5676,1.3652,881,338,269,0.4620,0.0000
103833,0.3097,3.2500,4.1336,0.7837,1.7500,2.7500,6.0630,10.0802,0.0480,3.2040,0.9143,2.8991,0.0265,-0.0310,1.0000,0.8090,7.8944,1.8932,0.7006,1.4816,791,338,240,0.3868,0.0000
95385,0.0021,2.7100,3.2364,0.0000,1.8750,2.5750,4.5555,5.4775,0.0011,2.2440,0.5000,1.3903,0.0011,-0.0030,917.0000,0.0001,3.7383,0.0631,0.0568,1.0000,943,338,331,0.1169,0.0160
117402,0.1688,3.1450,4.6738,0.2966,1.5000,2.5000,4.7560,10.2239,0.0644,2.4360,0.4915,6.5213,0.0858,-0.0042,2.0000,0.2804,5.8546,0.8398,0.1072,1.3220,699,215,240,0.9782,0.2880
140443,0.0000,0.0000,0.0000,0.0000,0.0000,0.0000,0.0000,0.0000,0.0000,0.0000,0.0000,0.0000,0.0000,0.0000,426.0000,0.0000,0.1090,0.0000,0.0000,0.0000,426,184,120,0.0011,0.0000
88219,0.3385,3.6860,8.0558,0.1886,2.0000,5.5000,8.4952,30.5028,0.0812,2.6620,0.6886,4.6109,0.1054,0.0559,1.0000,0.4478,11.8523,2.0955,0.5031,1.2629,1034,338,361,0.6373,0.0000
140444,0.3685,3.0580,3.1080,1.0000,1.2500,2.0000,3.8600,5.8798,0.2958,2.5800,0.0064,2.1389,0.3662,-0.0415,1.0000,-0.4967,4.0535,1.1133,0.3573,1.4586,426,184,120,0.3983,0.1310
116381,0.6093,3.1040,3.9020,0.7150,1.7500,2.7500,5.2760,10.3750,0.0509,2.6920,0.8821,5.1414,0.0719,0.0046,1.0000,0.9075,7.0666,5.3054,0.6239,4.7445,668,215,240,1.1667,0.0000
95133,0.0594,7.4240,11.1980,0.3214,3.2500,4.5000,25.0553,39.1205,0.0106,4.3580,0.8036,2.8031,0.0117,0.0258,4.0000,0.0610,11.3899,0.2394,0.4241,1.0179,943,338,331,0.1556,0.0000
128926,0.2143,4.7320,11.8380,0.5315,1.2500,2.7500,6.1940,23.0870,0.0541,4.7600,0.6216,4.9350,0.0811,-0.0162,1.0000,0.7537,15.4250,1.8900,0.5975,1.5856,518,215,120,0.5890,0.0020
141982,0.3192,3.3600,4.4490,0.4926,1.2500,2.0000,4.4475,7.6225,0.0446,3.3740,0.6544,7.4695,0.1103,0.0735,1.0000,0.8917,7.8785,2.1315,0.7415,2.3309,426,184,120,0.4291,0.0000
18846,0.0276,2.7360,2.8160,0.9714,1.2500,1.5000,3.4060,4.0516,0.0268,1.9840,0.8286,4.4556,0.0047,-0.0039,2.5000,-0.0759,2.7692,0.0374,0.0595,1.0000,1270,461,420,0.0716,0.0120
104095,0.7418,5.1780,9.0032,0.1496,2.0000,4.5000,10.8390,32.0438,0.0476,6.2640,0.6336,6.6300,0.2718,0.0170,1.0000,0.4793,16.4200,10.4909,0.8030,4.6214,883,338,240,3.2550,0.3700
141983,0.6432,5.0940,8.9840,0.1277,1.5000,2.5000,7.8390,15.1512,0.0681,7.1160,0.7993,3.9208,0.1291,-0.2289,1.0000,0.6681,18.9660,5.9378,0.5417,4.0292,426,184,120,2.0874,0.3170
166047,0.0000,0.0000,0.0000,0.0000,0.0000,0.0000,0.0000,0.0000,0.0000,0.0000,0.0000,0.0000,0.0000,0.0000,122.0000,0.0000,1.1822,0.0000,0.0000,0.0000,122,92,0,0.0112,0.0000
69791,0.3874,2.9270,9.0268,0.5772,2.0000,5.7500,6.0185,43.9898,0.1622,2.5100,0.8760,4.3978,0.0480,0.0130,1.0000,0.8425,14.5343,2.2778,0.6938,2.3211,1270,461,420,0.5318,0.0000
73119,0.0110,2.5810,3.2266,0.6429,1.0000,1.5000,3.2738,4.5477,0.0016,2.2100,0.2857,4.6384,0.0079,0.0271,48.0000,-0.0075,4.8226,0.1778,0.0514,1.0000,1270,461,389,0.3905,0.1320
152736,0.3982,3.8960,11.5868,0.2331,2.5000,4.7000,9.6270,37.0094,0.0988,3.0080,0.9398,4.8208,0.0240,0.0824,1.0000,0.8424,15.3952,2.5561,0.6138,2.0075,334,92,120,0.7393,0.0000
36513,0.9739,2.7780,9.0668,0.7096,1.7500,3.7500,5.4190,30.3135,0.5957,3.5160,0.9021,3.1544,0.0953,-0.0652,1.0000,0.0347,15.8180,3.5336,0.6675,1.4941,1301,461,420,1.0308,0.0960
60065,0.3559,3.4070,7.3846,0.4712,2.0000,4.7500,7.0310,27.5992,0.0386,3.2220,0.7124,5.9492,0.1024,0.0224,1.0000,0.5628,14.1719,3.3766,0.4979,2.2965,1270,461,420,1.0695,0.0040
104098,0.7653,5.8900,9.7166,0.2117,2.3750,5.5000,14.8960,44.6850,0.0106,6.2880,0.7469,4.9043,0.1937,-0.0099,1.0000,0.4053,21.0767,10.1857,0.8150,4.3896,852,338,240,3.3287,0.0000
152738,0.5030,4.6970,11.6614,0.2679,2.5000,4.5000,13.2235,48.8154,0.1976,5.3120,0.7976,5.7927,0.1018,0.0699,1.0000,0.6058,19.1031,2.8922,0.8674,2.4405,334,92,120,0.8798,0.0000
120483,0.2492,2.9280,4.2764,0.5094,1.2500,3.3000,4.1380,10.4728,0.0172,2.1840,0.7987,4.1896,0.0502,-0.0027,2.0000,0.0395,8.0842,1.7543,0.2278,1.2579,638,215,240,0.9865,0.0000
63907,0.7291,3.1230,11.5560,0.3942,3.2500,9.0000,12.3610,52.8115,0.1181,3.4000,0.8045,4.4835,0.1425,0.0668,1.0000,0.3344,16.6342,5.7974,0.4648,2.0454,1270,461,420,2.1075,0.0160
102052,0.6139,3.7460,11.3774,0.4167,3.2500,5.7500,13.7280,42.1482,0.0840,3.9060,0.8790,5.5786,0.0743,0.0380,1.0000,0.7354,17.9608,4.6523,0.8032,2.2599,821,338,240,1.0853,0.0000
106916,0.7308,4.0740,11.4382,0.2533,2.5000,5.2750,13.3065,34.2900,0.1133,4.8560,0.9183,5.0714,0.0597,-0.0897,1.0000,0.5816,15.9500,7.2028,0.7266,3.9800,821,338,240,1.7216,0.0000
120484,0.6677,5.4500,12.5490,0.2606,3.2500,6.5000,20.7108,62.2875,0.0219,4.9220,0.8662,3.9417,0.0893,0.0421,1.0000,0.5840,18.1345,6.7108,0.7703,2.5399,638,215,240,1.9287,0.0000
131236,0.2959,2.5420,3.5120,0.7917,4.7500,9.5000,12.1810,32.2412,0.1616,2.0000,0.6759,4.1554,0.0959,-0.0306,1.0000,0.4328,6.3676,2.0264,0.6330,1.3981,730,277,240,0.5580,0.0000
157092,0.3883,2.8040,3.8150,0.5566,1.2500,1.5000,3.5215,5.0330,0.1355,2.3340,0.8774,4.8446,0.0476,0.0667,1.0000,0.8167,5.0315,1.8068,0.6672,3.2358,273,92,120,0.3329,0.0000
54948,0.0008,2.4960,2.4960,1.0000,1.0000,1.0000,2.4760,2.4760,0.0000,1.4280,0.0000,0.0000,0.0008,0.0027,1308.0000,0.0024,2.2920,0.0129,0.0171,1.0000,1301,461,420,0.0695,0.0120
80548,0.5238,2.9920,4.4300,0.6188,1.7500,4.5000,6.1930,14.5440,0.0303,3.7000,0.7954,4.7718,0.1072,0.0091,1.0000,0.7888,8.5357,4.9443,0.5608,2.3152,1157,430,361,1.1861,0.1960
105637,0.4896,4.0540,4.9836,0.6965,3.2500,8.2500,14.5375,39.6323,0.1462,3.4220,0.6567,6.6920,0.1681,0.0623,1.0000,0.9349,16.2288,5.4723,0.7929,3.8856,821,338,240,1.3242,0.0000
166566,0.3525,3.7800,4.1744,0.7907,2.5000,3.2500,9.3490,13.4528,0.0984,2.7760,0.8372,2.4474,0.0574,-0.0809,1.0000,0.0046,7.2791,1.6025,0.5548,1.1395,122,92,0,0.5350,0.0000
92583,0.0000,0.0000,0.0000,0.0000,0.0000,0.0000,0.0000,0.0000,0.0000,0.0000,0.0000,0.0000,0.0000,0.0000,1035.0000,0.0000,0.1280,0.0000,0.0000,0.0000,1004,338,361,0.0224,0.0000
102057,0.5082,2.8240,3.6432,0.5774,5.0000,9.7500,14.9720,29.5762,0.1138,2.1640,0.5035,4.6277,0.2523,-0.0807,1.0000,0.2429,6.6829,3.8741,0.3501,1.4296,852,338,240,1.3722,0.2180
37545,0.7517,5.1200,7.9206,0.5695,6.7500,14.0750,43.9620,88.5296,0.1399,6.6020,0.8926,3.1416,0.0807,0.0306,1.0000,0.6464,20.0940,10.0292,0.8570,3.0716,1301,461,420,3.0475,0.0000
157098,0.4139,3.4400,4.5880,0.5044,2.0000,4.5000,7.4350,17.3072,0.0073,3.5640,0.8142,5.1014,0.0769,-0.0769,1.0000,0.7808,8.8359,3.6209,0.5340,1.9646,273,92,120,0.9557,0.0060
37546,0.9772,5.7100,8.8200,0.3352,6.7500,15.2500,42.6490,114.7880,0.0543,6.8520,0.7139,3.3764,0.2795,0.0127,1.0000,0.0629,22.5791,13.5982,0.7255,3.0210,1270,461,420,5.0460,0.1250
157099,0.3480,4.2500,5.3552,0.6316,1.2500,1.6500,4.8410,7.3354,0.0220,4.1680,0.6526,10.1592,0.1209,-0.0385,1.0000,0.7000,9.6005,2.7949,0.6523,1.4421,273,92,120,0.6970,0.0080
86955,0.1915,4.8640,11.5454,0.5556,3.5000,8.7500,24.7130,43.8556,0.0338,3.0780,0.5354,3.1302,0.0890,0.0820,3.0000,0.2112,13.0014,1.3390,0.3796,1.0657,1034,338,361,0.6534,0.0000
124844,0.1889,3.2140,6.2744,0.3761,5.2500,10.0000,18.8610,46.1956,0.0607,2.9480,0.6606,4.0691,0.0641,0.0683,1.0000,0.5615,8.2590,1.4944,0.6657,1.9633,577,215,179,0.3786,0.0000
134060,0.0062,2.3440,2.5616,1.0000,1.0000,1.8000,2.5120,4.8664,0.0000,1.8120,0.6667,4.9538,0.0021,0.0015,103.5000,0.0083,3.3814,0.0708,0.0269,1.0000,487,215,120,0.2711,0.1180
141484,0.1995,6.3260,7.3328,0.4824,2.0000,3.2500,10.5560,19.8676,0.0681,4.5400,0.6353,3.7096,0.0728,0.0445,2.0000,0.3659,10.6495,0.6315,0.4030,1.1882,426,184,120,0.3264,0.0000
56236,0.1850,3.8580,4.9176,0.0894,1.2500,2.0000,4.3030,6.0196,0.1079,2.5680,0.9404,2.1544,0.0110,-0.1241,2.0000,0.4049,5.6581,0.4057,0.3498,1.0426,1270,461,420,0.1624,0.0000
32173,0.0110,2.2070,2.2454,1.0000,3.0000,4.3500,6.5602,9.5910,0.0110,1.2500,0.0000,2.8117,0.0110,-0.0154,1.0000,-0.0304,2.3999,0.0573,0.0111,1.3571,1270,461,420,0.4774,0.1330
48301,0.1291,3.1220,4.1194,0.6159,1.2500,2.5000,4.0045,8.9806,0.0291,2.8080,0.8659,4.7573,0.0173,0.0005,1.0000,0.2606,5.6799,1.3978,0.6640,6.0122,1270,461,420,0.2719,0.0000
157358,0.1502,11.2180,12.0600,0.6098,3.5000,5.7500,33.7545,63.3745,0.0696,6.2160,0.9024,1.9333,0.0147,0.0231,2.0000,0.2783,14.5475,0.9744,0.5305,1.2439,273,92,120,0.6324,0.0000
109231,0.2405,5.6640,6.6212,0.5171,3.0000,4.5000,15.3150,25.4382,0.0144,3.7840,0.7009,3.5021,0.0719,0.0158,1.0000,0.5788,9.3776,1.0236,0.5532,1.3291,973,338,361,0.5830,0.0000
149167,0.5342,3.0920,4.4060,0.5744,2.5000,9.2500,8.6655,30.2578,0.0932,2.6120,0.7846,7.5185,0.1151,-0.0344,1.0000,0.9423,8.1446,3.8842,0.4840,2.2769,365,123,120,1.1734,0.0000
36783,0.0069,2.1520,2.2140,1.0000,1.0000,1.4000,2.1950,3.2326,0.0061,1.5760,0.7778,3.9546,0.0015,-0.0021,70.5000,0.0054,2.7760,0.3057,0.0609,1.0000,1301,461,420,0.4584,0.3300
125617,0.1510,4.0740,8.9350,0.2258,2.2500,16.4250,10.1700,112.4285,0.0292,3.8920,0.6774,7.5652,0.0487,-0.0140,1.0000,0.0471,11.5148,1.3940,0.5769,1.6774,821,338,240,0.7702,0.0000
96945,0.4479,2.8040,3.9344,0.5796,2.0000,3.2500,6.2665,11.4394,0.1481,3.2320,0.3837,6.4032,0.2761,0.0101,1.0000,0.2725,7.3398,4.0475,0.3791,3.7633,547,184,180,2.0234,0.1420
97969,0.4574,4.0160,11.6348,0.0943,1.7500,4.2500,8.1560,43.1826,0.0897,3.3360,0.3598,6.1687,0.2928,0.3653,1.0000,0.5677,14.6180,3.2642,0.5412,2.3772,881,338,269,1.1271,0.0080
101298,0.0000,0.0000,0.0000,0.0000,0.0000,0.0000,0.0000,0.0000,0.0000,0.0000,0.0000,0.0000,0.0000,0.0000,883.0000,0.0000,0.0520,0.0000,0.0000,0.0000,852,338,240,0.0176,0.0000
101299,0.7523,7.2620,12.0980,0.3245,2.2500,4.5000,15.9630,52.0870,0.0469,7.0520,0.8066,7.2803,0.1455,0.0254,1.0000,0.5296,23.8439,6.9334,0.8452,3.4836,852,338,240,2.1888,0.0000
55475,0.2417,2.8480,3.7656,0.6026,2.0000,7.4500,6.1010,26.5496,0.0323,2.1280,0.8143,6.2053,0.0449,0.0087,1.0000,0.5097,8.6067,2.8268,0.3475,2.7427,1270,461,420,1.0071,0.0000
58291,0.2165,3.0440,4.8456,0.4982,1.2500,3.5000,4.0890,18.2664,0.0409,2.8480,0.7818,4.7987,0.0472,0.0170,1.0000,0.4958,13.0789,1.9947,0.5849,2.2145,1270,461,420,0.4464,0.0000
157108,0.3956,2.5390,3.4384,0.7130,1.8750,3.7500,5.8900,9.9316,0.1978,2.2800,0.7315,4.5032,0.1062,-0.0692,1.0000,0.7750,11.1537,2.0513,0.5028,1.7315,273,92,120,0.4688,0.0200
166580,0.7131,4.6400,5.9416,0.6782,1.5000,1.7500,6.6180,8.0168,0.1148,2.7200,0.8966,0.5495,0.0738,0.0307,1.0000,-0.0804,6.8392,1.5594,0.6807,1.0230,122,92,0,0.5246,0.0000
108981,0.0113,10.3520,11.7560,0.6364,1.7500,2.2500,16.7060,25.2120,0.0062,7.2160,0.7273,3.2105,0.0031,-0.0108,25.5000,0.0277,7.6960,0.0462,0.1876,1.0000,973,338,361,0.0731,0.0000
147894,0.0000,0.0000,0.0000,0.0000,0.0000,0.0000,0.0000,0.0000,0.0000,0.0000,0.0000,0.0000,0.0000,0.0000,365.0000,0.0000,0.0680,0.0000,0.0000,0.0000,365,123,120,0.0019,0.0000
174518,0.0000,0.0000,0.0000,0.0000,0.0000,0.0000,0.0000,0.0000,0.0000,0.0000,0.0000,0.0000,0.0000,0.0000,31.0000,0.0000,0.2812,0.0000,0.0000,0.0000,31,31,0,0.0177,0.0000
38326,0.1772,2.5700,3.5388,0.6400,1.2500,3.7500,3.6190,11.3154,0.0661,1.9280,0.3200,3.7266,0.1205,0.0297,2.0000,0.1019,5.7459,0.9163,0.1669,1.2444,1270,461,420,0.6820,0.2040
117175,0.4506,3.3200,5.6480,0.1429,2.0000,11.7500,8.1870,39.6905,0.1587,3.2120,0.8804,3.5398,0.0539,-0.1544,1.0000,0.8517,8.1605,3.4281,0.4945,1.8605,668,215,240,0.9497,0.0000
117943,0.4214,2.8980,3.0914,0.9512,2.7500,8.3000,8.6655,25.9420,0.3011,3.0340,0.9341,4.0321,0.0277,-0.0007,1.0000,0.5792,7.1666,3.9671,0.7711,3.2171,973,338,361,1.0011,0.0000
147895,0.5288,3.1780,5.7560,0.4767,2.5000,6.4500,9.5540,22.5728,0.0521,3.2240,0.6218,7.8250,0.2000,0.0136,1.0000,0.9673,9.7274,4.4390,0.3930,2.3264,365,123,120,1.5738,0.0000
154551,0.0000,0.0000,0.0000,0.0000,0.0000,0.0000,0.0000,0.0000,0.0000,0.0000,0.0000,0.0000,0.0000,0.0000,304.0000,0.0000,1.1559,0.0000,0.0000,0.0000,304,92,120,0.4891,0.1810
174519,0.0000,0.0000,0.0000,0.0000,0.0000,0.0000,0.0000,0.0000,0.0000,0.0000,0.0000,0.0000,0.0000,0.0000,31.0000,0.0000,1.2548,0.0000,0.0000,0.0000,31,31,0,0.2485,0.0000
40119,0.1937,4.5500,5.3760,0.4350,1.7500,2.2500,9.1117,11.1570,0.0063,4.2860,0.6423,2.7068,0.0693,0.0605,2.0000,0.3480,8.7431,1.5264,0.2802,1.0935,1270,461,420,0.8018,0.3280
53431,0.4789,2.7880,3.7212,0.5843,1.5000,2.5000,4.1870,8.1312,0.0446,2.7480,0.5297,6.7542,0.2252,-0.0176,1.0000,0.6364,6.9920,3.5208,0.4915,1.7592,1301,461,420,0.8376,0.1280
130488,0.0116,4.3530,6.0170,0.0000,2.2500,4.0000,11.5710,18.8720,0.0000,2.3260,0.1667,3.9401,0.0097,0.0311,21.0000,0.0250,4.5566,0.1168,0.2018,1.3333,518,215,120,0.0816,0.0000
109241,0.1408,3.0400,4.3528,0.5421,1.2500,1.5000,3.4990,5.1910,0.0329,2.4800,0.9065,3.1660,0.0132,-0.0881,1.0000,0.2501,5.0588,2.3306,0.4024,2.0374,760,307,240,0.6477,0.0040
130489,0.7355,3.3560,4.4540,0.4961,4.2500,10.7500,16.8000,41.3270,0.0270,4.5920,0.7717,4.6046,0.1680,-0.0176,1.0000,0.3172,14.6496,7.3726,0.6239,2.7375,518,215,120,2.0562,0.0000
174521,0.0000,0.0000,0.0000,0.0000,0.0000,0.0000,0.0000,0.0000,0.0000,0.0000,0.0000,0.0000,0.0000,0.0000,31.0000,0.0000,4.1516,0.0323,0.8988,0.0000,31,31,0,0.0672,0.0000
174522,0.0000,0.0000,0.0000,0.0000,0.0000,0.0000,0.0000,0.0000,0.0000,0.0000,0.0000,0.0000,0.0000,0.0000,31.0000,0.0000,0.3340,0.0000,0.0000,0.0000,31,31,0,0.1004,0.0000
63674,0.0000,0.0000,0.0000,0.0000,0.0000,0.0000,0.0000,0.0000,0.0000,0.0000,0.0000,0.0000,0.0000,0.0000,1308.0000,0.0000,2.3452,0.0179,0.0255,0.0000,1270,461,420,0.0658,0.0380
115387,0.3047,3.2600,3.7952,0.7080,1.7500,4.5000,5.7110,14.3168,0.0457,2.5840,0.7235,7.2771,0.0843,0.0015,1.0000,0.4602,6.9359,2.3961,0.4679,2.4832,1270,461,420,1.2151,0.0000
172731,0.0000,0.0000,0.0000,0.0000,0.0000,0.0000,0.0000,0.0000,0.0000,0.0000,0.0000,0.0000,0.0000,0.0000,31.0000,0.0000,0.3752,0.0000,0.0000,0.0000,31,31,0,0.0248,0.0000
174523,0.0000,0.0000,0.0000,0.0000,0.0000,0.0000,0.0000,0.0000,0.0000,0.0000,0.0000,0.0000,0.0000,0.0000,31.0000,0.0000,0.0312,0.0000,0.0000,0.0000,31,31,0,0.1071,0.0000
160446,0.5519,3.2820,3.7768,0.7778,2.5000,4.2500,9.0225,16.0268,0.1745,4.9400,0.9744,2.0597,0.0142,-0.0491,1.0000,0.2428,19.8914,3.2465,0.4349,1.7778,212,92,59,1.4718,0.2220
155839,0.2275,3.3160,3.6568,0.8616,1.5000,3.0500,4.6100,10.0218,0.0300,3.3040,0.8365,5.4850,0.0372,-0.0175,1.0000,0.4133,5.1602,2.5823,0.7793,4.0881,699,246,240,1.1053,0.0000
90815,0.2809,3.1520,4.6352,0.5248,1.2500,1.7500,3.7793,8.4057,0.0229,4.3240,0.7943,5.4491,0.0578,0.0165,1.0000,0.6787,8.9093,2.8386,0.7976,2.7163,1004,338,361,0.5037,0.0000
155840,0.0164,3.6540,9.1608,0.2500,1.5000,2.5000,7.3395,19.9075,0.0041,4.4800,0.9167,0.8249,0.0014,-0.0028,8.0000,0.0064,5.8218,0.0757,0.1993,1.0000,730,277,240,0.1543,0.0000
155841,0.0611,2.3720,2.8356,0.8462,1.7500,2.2500,3.9640,6.4330,0.0345,1.5440,0.9487,2.0701,0.0031,0.0067,1.0000,0.1542,3.6663,0.2633,0.0959,1.1026,638,215,240,0.6534,0.0000
157121,0.2564,2.8370,3.8944,0.5571,1.2500,1.7500,3.6930,6.3910,0.0183,3.1120,0.0857,2.9112,0.2344,-0.1974,1.0000,-0.3257,8.1462,2.5229,0.1702,1.4571,273,92,120,1.8434,1.1300
161473,0.4434,4.0980,5.3318,0.6596,3.3750,14.7750,14.9720,69.2175,0.1509,3.4540,0.9468,3.0620,0.0236,-0.2697,1.0000,-0.2461,10.5388,3.2960,0.7705,1.4255,212,92,59,1.0689,0.0000
165057,0.3791,4.3600,4.6732,0.8793,1.5000,2.5000,6.2010,10.8364,0.0980,4.0700,0.5000,5.3626,0.1895,-0.0421,1.0000,0.0530,8.0346,2.8186,0.6753,1.5862,153,92,0,0.7714,0.0680
109763,0.3301,7.2520,10.7480,0.3542,5.0000,7.2500,37.7570,63.8950,0.0146,3.8560,0.9520,2.4519,0.0158,-0.0014,1.0000,0.8138,19.7560,2.0752,0.8390,1.3801,821,338,240,1.0902,0.0000
134852,0.2813,6.6260,11.4028,0.2701,1.5000,5.5000,10.1230,55.4184,0.0103,5.1960,0.7007,5.9245,0.0842,-0.0488,1.0000,0.7471,17.3531,3.1458,0.6567,1.6788,487,215,120,0.9218,0.0040
153284,0.2664,2.4640,2.7120,0.9136,1.0000,1.2500,2.4740,3.2940,0.1151,2.3280,0.8519,4.3966,0.0395,0.0176,1.0000,0.6417,4.9803,1.9630,0.6055,2.3333,304,92,120,0.3465,0.0000
97988,0.5603,2.4640,2.8560,0.8904,1.5000,1.7500,3.6770,5.1720,0.3783,2.0080,0.3953,6.3102,0.3388,-0.0951,1.0000,-0.1047,5.1632,1.4326,0.4672,1.1233,912,338,269,0.3415,0.0320
77253,0.1429,2.4960,3.4944,0.7688,1.2500,1.7500,3.5170,5.2024,0.0413,2.3440,0.2775,4.1776,0.1032,-0.0260,2.0000,0.0309,5.6402,0.6443,0.1716,1.3237,1211,461,361,0.4291,0.1200
98501,0.3779,3.4780,5.5132,0.7391,1.7500,2.7500,6.6440,11.1298,0.0446,3.4160,0.9410,2.5693,0.0223,-0.1965,1.0000,0.7431,9.1609,4.0273,0.7656,3.2484,852,338,240,0.7646,0.0000
135366,0.4928,5.6060,9.0986,0.6083,1.2500,2.0000,7.0920,13.0248,0.0534,4.6340,0.6292,6.7962,0.1828,0.0404,1.0000,0.5930,13.5907,5.5868,0.6946,2.0167,487,215,120,1.7452,0.3760
147142,0.5808,4.6310,5.4622,0.5087,2.5000,8.2500,12.0872,28.8800,0.1465,3.2420,0.6478,8.6127,0.2045,-0.0131,1.0000,0.7839,13.9247,4.4381,0.7499,2.1870,396,154,120,0.9702,0.0000
170182,0.0000,0.0000,0.0000,0.0000,0.0000,0.0000,0.0000,0.0000,0.0000,0.0000,0.0000,0.0000,0.0000,0.0000,61.0000,0.0000,1.6024,0.0000,0.0000,0.0000,61,61,0,0.0271,0.0000
97990,0.6250,2.7770,4.4062,0.2368,2.3750,4.0000,7.5295,15.1242,0.2149,2.9620,0.8614,5.5982,0.0866,0.2017,1.0000,0.6659,8.0000,6.6848,0.6390,3.9965,912,338,269,1.2643,0.0864
58311,0.1417,9.1360,11.1626,0.2500,2.7500,4.5000,21.3320,42.0814,0.0583,5.4060,0.7333,3.5275,0.0378,-0.0403,2.0000,0.1546,12.4870,0.5600,0.3091,1.0556,1270,461,420,0.4991,0.0000
103880,0.0012,2.4380,2.4380,1.0000,1.0000,1.0000,2.7660,2.7660,0.0000,2.0520,1.0000,0.0000,0.0000,0.0043,852.0000,0.0042,4.0696,0.1111,0.0789,1.0000,821,338,240,0.1781,0.0000
153288,0.4770,3.7160,4.7088,0.6621,1.7500,3.0000,7.4920,12.1848,0.0197,3.0600,0.8690,3.2476,0.0625,-0.0652,1.0000,0.8540,7.3471,4.1702,0.6653,2.4414,304,92,120,0.8538,0.0080
135369,0.0000,0.0000,0.0000,0.0000,0.0000,0.0000,0.0000,0.0000,0.0000,0.0000,0.0000,0.0000,0.0000,0.0000,487.0000,0.0000,2.5657,0.0169,0.0338,0.0000,487,215,120,0.0520,0.0040
100811,0.0561,3.0420,9.5848,0.3103,1.5000,2.5000,5.1337,19.2694,0.0145,3.3160,0.5690,7.0763,0.0242,0.0066,2.0000,0.1607,10.0035,0.4277,0.2584,1.3103,1034,338,361,0.2860,0.0000
110283,0.6219,5.6180,11.8374,0.1454,2.5000,5.1750,14.9580,52.8811,0.0904,5.4900,0.4163,3.5381,0.3630,-0.1571,1.0000,0.4748,16.1416,5.4514,0.6595,2.1256,730,277,240,1.6716,0.0000
160715,0.2431,4.1430,5.6606,0.4773,1.0000,1.6750,4.7585,7.2707,0.0000,4.3420,0.7500,4.1399,0.0608,0.0437,1.0000,0.3929,7.7628,2.7928,0.5130,1.1591,181,92,28,0.8515,0.0000
125644,0.4887,3.4010,4.6396,0.5248,2.2500,8.9500,7.5315,37.1423,0.1421,2.5200,0.8688,4.8157,0.0641,-0.0865,1.0000,0.2693,8.1802,3.0013,0.5251,1.6170,577,215,179,0.9132,0.0000
160716,0.1160,2.3240,2.4980,0.9524,1.5000,2.2500,3.4750,5.2580,0.0994,1.8480,1.0000,3.1014,0.0000,0.0023,3.0000,-0.0404,3.3528,0.2638,0.1289,1.0000,181,92,28,0.2076,0.0000
101837,0.8650,8.4600,8.6008,0.9362,2.2500,2.5000,16.8020,19.8686,0.6232,6.7920,0.8100,3.5861,0.1643,-0.2933,1.0000,0.1040,14.7194,5.9924,0.8167,1.7436,852,338,240,1.7393,0.1640
103631,0.1197,2.3210,2.9366,0.8235,2.2500,6.7000,5.5865,16.5651,0.0493,1.9920,0.7549,3.1270,0.0293,0.0290,2.0000,0.0286,5.2146,0.7937,0.1464,1.2059,852,338,240,0.5909,0.2340
104399,0.3423,3.1400,5.5960,0.3915,1.5000,3.0000,5.9170,12.3180,0.0231,9.8800,0.8683,3.6027,0.0451,0.0174,1.0000,0.8876,13.6592,4.3124,0.6378,2.2028,821,338,240,1.0484,0.0000
174543,0.0000,0.0000,0.0000,0.0000,0.0000,0.0000,0.0000,0.0000,0.0000,0.0000,0.0000,0.0000,0.0000,0.0000,31.0000,0.0000,0.0000,0.0000,0.0000,0.0000,31,31,0,0.0000,0.0000
174544,0.0000,0.0000,0.0000,0.0000,0.0000,0.0000,0.0000,0.0000,0.0000,0.0000,0.0000,0.0000,0.0000,0.0000,31.0000,0.0000,0.0000,0.0000,0.0000,0.0000,31,31,0,0.0000,0.0000
119505,0.4906,4.3940,5.8288,0.3035,2.0000,4.0000,8.4040,20.9973,0.0094,5.4920,0.9329,3.7104,0.0329,-0.0791,1.0000,0.8378,12.0867,5.9659,0.7091,3.2556,638,215,240,1.3475,0.0000
127698,0.0000,0.0000,0.0000,0.0000,0.0000,0.0000,0.0000,0.0000,0.0000,0.0000,0.0000,0.0000,0.0000,0.0000,518.0000,0.0000,0.0040,0.0000,0.0000,0.0000,518,215,120,0.0002,0.0000
132050,0.4025,4.0560,4.8780,0.6837,1.5000,3.5000,6.1850,14.3925,0.0103,3.6380,0.8265,5.9105,0.0698,0.0148,1.0000,0.8746,7.9823,3.3804,0.6330,2.0765,487,215,120,0.8180,0.0000
127700,0.2761,3.1260,4.4424,0.5664,1.2500,2.0000,4.1200,7.4156,0.0309,2.8320,0.8741,4.9332,0.0347,-0.0743,1.0000,0.7824,7.6299,2.1255,0.6773,2.7483,518,215,120,0.4054,0.0000
142292,0.2019,3.3420,4.5080,0.5465,1.8750,3.2500,6.3537,14.6230,0.0587,2.4720,0.5814,6.0042,0.0845,0.0528,1.0000,0.6112,8.9325,0.6684,0.3615,1.3256,426,184,120,0.2763,0.0000
88020,0.2592,2.8420,3.9928,0.5149,1.2500,2.2500,3.7845,8.4769,0.0522,2.3900,0.6754,6.3694,0.0841,0.0013,1.0000,0.6451,6.3662,1.7130,0.5104,2.6791,1034,338,361,0.3933,0.0000
91092,0.3765,3.0630,3.7572,0.8042,1.2500,3.7500,4.2370,12.3381,0.1882,2.7680,0.9762,3.8326,0.0090,-0.0686,1.0000,0.7052,5.9475,3.6546,0.5589,2.0820,1004,338,361,0.8308,0.0000
137429,0.4814,5.4580,6.1802,0.5591,1.2500,2.7500,6.3605,10.7653,0.1094,5.2640,0.7273,6.2393,0.1313,-0.0170,1.0000,0.8318,10.2795,2.7505,0.6050,2.5455,457,215,120,0.8744,0.0000
147413,0.0000,0.0000,0.0000,0.0000,0.0000,0.0000,0.0000,0.0000,0.0000,0.0000,0.0000,0.0000,0.0000,0.0000,396.0000,0.0000,3.9238,0.0884,0.0575,0.0000,396,154,120,0.1790,0.0420
160725,0.2217,4.1640,4.8968,0.7021,1.2500,1.8500,5.2955,8.8442,0.0189,4.0600,0.7234,7.3885,0.0613,0.0162,1.0000,0.2542,7.7947,1.1132,0.4370,1.4681,212,92,59,0.4640,0.0000
60373,0.0015,2.4510,2.5494,1.0000,1.2500,1.4500,3.0915,3.4479,0.0008,2.0580,0.0000,2.1840,0.0015,-0.0022,199.0000,0.0002,2.8560,0.0363,0.0257,1.0000,1301,461,420,0.1412,0.0360
120790,0.2727,4.5640,5.6106,0.5460,1.5000,2.6750,6.4940,13.4358,0.0188,4.2500,0.8218,3.8062,0.0486,0.0028,1.0000,0.6667,8.4851,2.0325,0.6108,1.4770,638,215,240,0.4516,0.0000
147416,0.8990,3.7680,4.5010,0.7135,3.0000,7.6250,11.8345,30.1900,0.3182,2.8720,0.8427,4.6699,0.1414,0.0412,1.0000,0.2301,24.7478,6.7677,0.7822,2.6713,396,154,120,1.4586,0.0000
27352,0.0131,2.6920,3.1404,0.7647,1.2500,1.8500,3.2430,5.1894,0.0023,2.0840,0.4118,2.3062,0.0077,0.0270,52.5000,0.0288,3.9840,0.1989,0.0275,1.0588,1301,461,420,0.7587,0.4020
147161,0.0000,0.0000,0.0000,0.0000,0.0000,0.0000,0.0000,0.0000,0.0000,0.0000,0.0000,0.0000,0.0000,0.0000,396.0000,0.0000,2.8042,0.2178,0.0458,0.0000,396,154,120,0.4590,0.2730
147417,0.9141,4.2890,5.4878,0.4144,6.2500,12.0000,24.3747,54.1549,0.1212,3.4980,0.7983,3.8525,0.1843,0.0077,1.0000,0.2060,25.9486,9.6332,0.7218,2.5249,396,154,120,2.4892,0.0000
168410,0.0000,0.0000,0.0000,0.0000,0.0000,0.0000,0.0000,0.0000,0.0000,0.0000,0.0000,0.0000,0.0000,0.0000,92.0000,0.0000,3.5624,0.2228,0.1421,0.0000,92,92,0,0.1786,0.0000
145883,0.0682,2.2400,2.9148,0.7778,2.0000,7.2000,4.3700,17.7480,0.0404,2.0200,0.8519,4.0234,0.0101,-0.0453,7.0000,-0.0752,4.1180,0.4293,0.1212,1.0370,396,154,120,0.3748,0.1280
131292,0.1932,3.0960,3.7860,0.8156,2.0000,4.2500,6.0910,17.0960,0.0890,2.8680,0.8865,4.3134,0.0219,0.0257,1.0000,0.4469,6.2639,0.8993,0.6812,2.0922,730,277,240,0.2660,0.0000
141280,0.0000,0.0000,0.0000,0.0000,0.0000,0.0000,0.0000,0.0000,0.0000,0.0000,0.0000,0.0000,0.0000,0.0000,426.0000,0.0000,2.4575,0.0082,0.0097,0.0000,426,184,120,0.0870,0.0000
166880,0.0574,6.9000,7.3520,0.8571,1.0000,1.1000,6.9370,7.3600,0.0000,5.3400,1.0000,0.2623,0.0000,0.0020,4.5000,0.0248,10.5508,0.5738,0.4472,1.0000,122,92,0,0.2468,0.0000
80353,0.3483,3.3980,4.6060,0.4094,1.2500,1.7500,4.2775,7.5263,0.0415,5.3120,0.6203,10.0646,0.1322,-0.0082,1.0000,0.4020,14.3019,4.8624,0.5740,1.3672,1157,430,361,1.2230,0.1800
96737,0.0965,3.6780,4.6486,0.4091,2.2500,4.5000,8.7838,18.0834,0.0384,2.1740,0.2386,3.4732,0.0735,0.0964,5.0000,0.1534,5.7818,0.3479,0.1627,1.0682,912,338,300,0.3494,0.0000
104931,0.4703,7.9660,10.9652,0.4892,5.0000,6.5000,51.3885,81.5898,0.0038,12.1600,0.9973,1.2892,0.0013,-0.0018,1.0000,0.9704,22.3458,2.6308,0.9154,1.0672,791,338,240,1.2363,0.0000
147428,0.5758,3.3360,4.8942,0.4693,3.1250,7.9000,9.6945,29.9050,0.0732,3.0520,0.6623,5.9785,0.1944,-0.0309,1.0000,0.7627,8.5412,5.5088,0.5664,2.7368,396,154,120,1.4811,0.0160
157156,0.5385,2.6800,3.4912,0.6259,1.5000,2.1000,4.0000,7.1995,0.2051,2.4600,0.8231,5.4410,0.0952,0.0000,1.0000,0.9083,5.7712,3.4130,0.6605,3.9048,273,92,120,0.6343,0.0000
98532,0.0022,2.3630,2.5318,1.0000,1.0000,1.0000,2.4555,2.5375,0.0000,2.9380,1.0000,1.2614,0.0000,0.0023,25.0000,0.0067,3.1136,0.0381,0.0916,1.0000,912,338,300,0.0486,0.0000
131301,0.0776,2.7200,3.2512,0.5932,1.2500,2.7500,3.8800,7.8950,0.0171,2.0400,0.6610,5.5693,0.0263,0.0069,1.5000,0.2301,4.7226,0.4441,0.3027,1.9831,760,307,240,0.2694,0.0000
109030,0.3733,4.6380,11.4864,0.4631,2.0000,5.7500,9.8005,60.4638,0.0859,4.7760,0.8239,4.9059,0.0657,-0.0145,1.0000,0.5079,16.4736,3.9054,0.8235,2.3693,943,338,331,1.2704,0.0000
174310,0.0000,0.0000,0.0000,0.0000,0.0000,0.0000,0.0000,0.0000,0.0000,0.0000,0.0000,0.0000,0.0000,0.0000,31.0000,0.0000,1.9907,0.0161,0.0291,0.0000,31,31,0,0.4779,0.0000
147431,0.5758,2.8340,3.7328,0.6667,2.6250,6.5750,7.5787,24.5812,0.2096,2.3440,0.9605,2.8009,0.0227,-0.0185,1.0000,0.9119,7.0827,4.8598,0.7151,3.5526,396,154,120,0.9696,0.0000
66535,0.0000,0.0000,0.0000,0.0000,0.0000,0.0000,0.0000,0.0000,0.0000,0.0000,0.0000,0.0000,0.0000,0.0000,1308.0000,0.0000,0.4960,0.0000,0.0000,0.0000,1301,461,420,0.0236,0.0120
162281,0.1602,2.8480,3.3104,0.6207,2.2500,5.8500,6.3780,18.6196,0.0221,2.2360,0.9655,3.2438,0.0055,0.0226,1.0000,-0.0435,5.1560,0.9876,0.5234,2.1724,181,92,28,0.2774,0.0000
164073,0.5425,4.0160,5.5584,0.5663,1.5000,2.5000,6.7850,11.4379,0.0327,6.6720,0.7229,7.6732,0.1503,0.0541,1.0000,0.0751,13.5153,5.5588,0.5285,3.2410,153,92,0,2.0908,0.6540
163819,0.0458,2.1440,2.6656,0.7143,1.0000,1.3500,2.6200,3.5926,0.0196,2.4560,1.0000,1.8534,0.0000,0.0011,4.0000,0.0458,4.8910,0.2484,0.4101,1.0000,153,92,0,0.0725,0.0000
169451,0.0000,0.0000,0.0000,0.0000,0.0000,0.0000,0.0000,0.0000,0.0000,0.0000,0.0000,0.0000,0.0000,0.0000,92.0000,0.0000,0.1756,0.0000,0.0000,0.0000,92,92,0,0.0036,0.0000
42987,0.6764,2.7840,4.4788,0.3213,4.2500,12.0000,13.6985,41.4068,0.1795,2.2600,0.8370,4.6975,0.1102,-0.1023,1.0000,0.6547,9.8501,6.1614,0.7613,2.4261,1270,461,420,1.1322,0.0020
135917,0.2495,3.8230,4.7112,0.5088,1.0000,1.7500,4.3860,7.0997,0.0175,2.9100,0.9561,3.3058,0.0109,-0.1121,1.0000,0.7231,6.7682,1.4136,0.3717,1.5614,457,215,120,0.5146,0.0000
146157,0.1742,2.1040,2.1828,0.9420,2.7500,4.8000,6.0330,10.5448,0.1162,1.8480,0.1594,2.4716,0.1465,0.0309,1.0000,0.4667,3.9856,0.5953,0.4298,1.1304,396,154,120,0.1437,0.0120
64237,0.6921,2.8520,4.4740,0.5643,2.2500,3.0000,7.6120,12.2504,0.2843,2.8760,0.8737,4.3797,0.0874,-0.0549,1.0000,0.7614,9.4305,5.5217,0.7460,3.9374,1270,461,420,1.0811,0.0040
131311,0.6009,4.2770,10.9244,0.6333,3.7500,5.5000,15.8865,53.6193,0.1474,4.7060,0.9000,4.5927,0.0601,-0.0222,1.0000,-0.1424,20.2915,3.4678,0.7550,1.7048,699,246,240,1.3776,0.0000
102128,0.1878,2.3860,5.0518,0.7188,1.2500,1.5000,2.8447,6.0053,0.0927,2.0280,0.4813,5.1342,0.0974,0.0147,2.0000,0.4644,6.5815,0.7961,0.2020,1.1875,852,338,240,0.4845,0.0720
164080,0.0000,0.0000,0.0000,0.0000,0.0000,0.0000,0.0000,0.0000,0.0000,0.0000,0.0000,0.0000,0.0000,0.0000,153.0000,0.0000,2.8998,0.0654,0.4147,0.0000,153,92,0,0.0187,0.0000
166128,0.0000,0.0000,0.0000,0.0000,0.0000,0.0000,0.0000,0.0000,0.0000,0.0000,0.0000,0.0000,0.0000,0.0000,122.0000,0.0000,2.7968,0.0184,0.0222,0.0000,122,92,0,0.0971,0.0000
142065,0.0000,0.0000,0.0000,0.0000,0.0000,0.0000,0.0000,0.0000,0.0000,0.0000,0.0000,0.0000,0.0000,0.0000,426.0000,0.0000,0.0670,0.0000,0.0000,0.0000,426,184,120,0.0015,0.0000
146161,0.8485,5.3630,7.3570,0.6518,2.2500,4.5000,12.0187,28.5225,0.0631,4.7960,0.3780,4.5161,0.5278,0.0494,1.0000,0.3377,18.2433,8.6319,0.8424,4.9286,396,154,120,2.6959,0.1060
101874,0.5920,5.0480,12.5190,0.3354,2.2500,5.2500,12.7510,55.8593,0.1084,5.7060,0.8909,4.8027,0.0646,-0.0031,1.0000,0.6692,18.9964,4.3304,0.7202,2.4794,821,338,240,1.5063,0.0000
142066,0.0000,0.0000,0.0000,0.0000,0.0000,0.0000,0.0000,0.0000,0.0000,0.0000,0.0000,0.0000,0.0000,0.0000,426.0000,0.0000,0.0340,0.0000,0.0000,0.0000,426,184,120,0.0024,0.0000
61683,0.0000,0.0000,0.0000,0.0000,0.0000,0.0000,0.0000,0.0000,0.0000,0.0000,0.0000,0.0000,0.0000,0.0000,1308.0000,0.0000,0.0040,0.0000,0.0000,0.0000,1301,461,420,0.0000,0.0000
66803,0.0953,3.1580,4.0720,0.4463,1.5000,3.0000,4.2400,11.4900,0.0260,2.8120,0.2810,4.5712,0.0685,-0.0061,2.0000,0.2667,5.3374,1.0589,0.2331,1.4876,1270,461,420,0.5228,0.0040
72179,0.7191,4.3280,11.8560,0.5297,3.0000,5.0000,14.7475,50.5990,0.1308,4.7760,0.8440,6.4533,0.1122,-0.0299,1.0000,0.5941,18.8086,6.0428,0.7851,2.6599,1239,461,389,1.6798,0.0000
164084,0.0519,4.0380,4.8080,0.8182,1.5000,1.7500,6.0230,7.6740,0.0236,3.2120,1.0000,4.2947,0.0000,-0.0026,1.0000,0.0000,5.9879,0.2783,0.6769,3.5455,212,92,59,0.1058,0.0000
66549,0.0299,2.5500,3.1536,0.7632,1.0000,2.0000,3.0190,5.0232,0.0031,2.1200,0.1316,3.4158,0.0260,0.0430,28.0000,-0.0022,4.8172,0.5663,0.1645,1.0000,1270,461,420,0.3572,0.0500
169974,0.1967,3.6940,6.5752,0.2500,2.3750,7.8500,6.8970,50.8111,0.0820,2.5020,0.6667,3.8956,0.0656,-0.1819,4.0000,0.0000,10.5448,1.1066,0.4904,1.0000,61,61,0,0.4008,0.0000
62454,0.0008,2.3080,2.3080,1.0000,1.0000,1.0000,2.4190,2.4190,0.0000,2.0800,0.0000,0.0000,0.0008,0.0028,1308.0000,0.0000,3.9465,0.1183,0.0628,1.0000,1270,461,420,0.1915,0.1000
84982,0.5036,3.8900,4.1020,0.6395,1.2500,2.2500,4.7523,8.0243,0.2263,2.7540,0.8279,4.3424,0.0867,-0.1933,1.0000,0.3031,6.8824,1.7714,0.4499,1.1069,1096,369,361,0.5356,0.1080
131063,0.5077,6.0080,10.7368,0.1597,2.0000,4.0000,13.1560,27.0370,0.0772,5.3960,0.6236,3.6613,0.1911,-0.0297,1.0000,0.6043,15.8291,2.9812,0.6221,1.7871,518,215,120,0.9263,0.0000
173816,0.3226,4.7150,9.3599,0.3000,1.2500,2.6250,8.1012,11.8270,0.0323,6.3640,0.7000,6.6708,0.0968,-0.0978,2.0000,0.0000,13.9806,1.2419,0.2197,1.4000,31,31,0,2.0492,0.8280
131321,0.2226,4.3070,4.9258,0.7254,1.2500,2.2500,5.9035,10.1486,0.0047,3.7660,0.8803,5.4029,0.0266,-0.0116,1.0000,0.2766,8.8918,2.7273,0.5879,1.2958,638,215,240,0.8228,0.0000
109050,0.4608,3.3720,4.2440,0.4483,3.0000,5.5000,10.9228,20.1040,0.1180,3.1760,0.9138,5.4393,0.0397,-0.0285,1.0000,0.8130,8.0788,3.5182,0.7887,2.5764,881,338,269,0.7431,0.0000
131834,0.3089,4.5070,11.2510,0.3875,2.0000,3.7500,11.4660,26.9397,0.0116,5.6620,0.9062,2.5086,0.0290,0.0973,1.0000,0.9017,17.5274,3.2814,0.7664,2.2125,518,215,120,0.7960,0.0000
61179,0.0039,2.6060,3.1728,0.8000,1.0000,1.3000,3.0270,3.8796,0.0000,2.5680,0.6000,2.1665,0.0016,-0.0017,39.5000,-0.0043,4.4586,0.1884,0.0919,1.0000,1270,461,420,0.2203,0.0280
170236,0.0000,0.0000,0.0000,0.0000,0.0000,0.0000,0.0000,0.0000,0.0000,0.0000,0.0000,0.0000,0.0000,0.0000,122.0000,0.0000,2.8348,0.0164,0.0975,0.0000,122,92,0,0.0393,0.0000
146173,0.5909,5.7490,7.9952,0.4744,2.2500,5.5000,13.4998,42.2063,0.0025,5.3680,0.6838,8.0341,0.1869,-0.0023,1.0000,0.9091,17.3194,6.7955,0.8151,5.5641,396,154,120,2.4027,0.0050
89341,0.2087,2.5450,3.1430,0.7639,1.2500,2.5000,3.3858,7.0080,0.0522,2.0940,0.3565,5.2899,0.1343,0.0068,1.0000,0.4672,4.6906,1.4766,0.2110,1.8380,1035,338,361,0.7465,0.1260
168959,0.0000,0.0000,0.0000,0.0000,0.0000,0.0000,0.0000,0.0000,0.0000,0.0000,0.0000,0.0000,0.0000,0.0000,92.0000,0.0000,3.1254,0.0109,0.0160,0.0000,92,92,0,0.1018,0.0000
