mp_id,export_kwh_total,export_days_frac,export_to_import_ratio_summer,export_to_import_ratio_winter,export_midday_over_import_summer,export_night_over_import,export_midday_minus_evening_over_import_summer,export_max_kw,export_max_over_mean_import,export_summer_minus_winter_over_import,import_midday_night_ratio_summer,import_midday_night_ratio_winter,import_zero_hours_midday_summer,import_zero_hours_night,import_midday_share_winter_minus_summer,import_min_hour_offset_noon_summer,import_summer_to_winter_ratio,import_daylight_share_summer,import_midday_spread_over_night_summer,import_midday_p05_over_night_summer,n_days,n_summer_days,n_winter_days,has_export_register,has_real_export,export_max_raw_kw,mean_import_kw,n_negative_raw
159232,1958.3600,0.1319,1.8026,0.0000,1.7074,0.0000,1.0247,11.1004,18.0537,1.9073,1.4190,1.4485,3.0571,1.2245,0.0682,4.8991,1.5425,0.2313,3.4066,0.0000,273,92,120,1,1,11.8120,0.6149,0
174336,0.0000,0.0000,0.0000,0.0000,0.0000,0.0000,0.0000,0.0000,0.0000,0.0000,0.5482,0.5482,0.0000,0.0000,0.0000,12.0000,1.0000,0.3333,0.0000,0.5482,31,31,0,1,0,0.0000,0.1974,0
28930,504.9960,0.0071,0.0441,0.0000,0.0390,0.0001,0.0177,0.0000,0.0000,0.0384,1.4455,0.4712,0.1179,0.0075,0.0062,5.5827,0.7794,0.1970,3.4268,0.4028,1270,461,420,1,0,11.0520,1.1882,0
97794,17870.9668,0.6073,16.9256,0.2239,14.6749,0.0003,7.5247,8.5664,65.7602,12.4354,2.6029,0.7679,6.2796,5.5579,0.0317,4.8465,0.5154,0.1393,9.5543,0.0000,881,338,269,1,1,9.2640,0.1303,0
126213,16917.4648,0.7470,52.1958,0.0344,45.7406,0.0138,22.5003,10.8470,17.4837,4.0659,0.0052,0.3772,7.8721,3.3781,0.0509,7.1910,0.0383,0.0456,0.0259,0.0000,577,215,179,1,1,12.3800,0.6204,0
139013,14244.9189,0.8556,30.0769,0.0229,24.8247,0.0083,11.8570,12.7580,18.2979,3.3430,0.2825,0.4687,6.5825,2.8059,-0.0065,3.1404,0.0403,0.1918,1.1900,0.0000,457,215,120,1,1,14.3440,0.6972,0
154629,1906.7440,0.4770,11.0778,0.0019,10.1765,0.0003,6.0690,3.9672,8.0389,1.4594,0.0408,0.4810,7.4321,2.7544,0.0413,2.0822,0.0681,0.1135,0.1459,0.0000,304,92,120,1,1,4.5720,0.4935,0
162821,4235.8291,0.2810,1.5700,0.5844,1.4470,0.0000,0.8367,18.7064,8.7756,0.3875,0.9146,0.9398,3.7005,2.0816,0.0230,4.4826,0.6190,0.1898,2.6179,0.0000,153,92,0,1,1,18.8800,2.1316,0
48901,320.0670,0.0323,0.0370,0.0000,0.0370,0.0000,0.0339,0.0000,0.0000,0.0349,1.9032,0.9106,0.6825,0.0331,-0.0207,8.2131,0.8827,0.2583,5.2080,0.0150,1301,461,420,1,0,4.0760,0.8304,0
60933,19560.3770,0.7976,6.5884,0.0305,5.8570,0.0003,3.5827,7.8022,7.1959,1.0592,0.5005,0.5635,6.3585,0.0920,0.0498,1.3470,0.0801,0.1508,2.3207,0.0000,1270,461,420,1,1,8.9640,1.0843,0
139014,9802.7471,0.8249,4.0142,0.0503,3.8025,0.0004,2.2842,11.6060,13.8214,1.8653,0.1948,0.3931,6.3821,2.2892,0.0326,2.8607,0.3616,0.0835,1.1412,0.0000,457,215,120,1,1,12.9080,0.8397,0
149254,18192.2949,0.7562,16.4452,0.0902,13.8926,0.0000,6.9164,20.8630,15.7498,2.9500,0.0814,0.3536,7.1335,0.0543,0.0611,0.6169,0.0902,0.0521,0.4818,0.0000,365,123,120,1,1,21.8720,1.3246,0
97798,17138.9824,0.7039,59.8715,0.0340,51.5733,0.0001,26.7087,8.4792,28.5049,5.9806,0.0421,0.2760,7.5104,0.1493,0.0435,0.8648,0.0419,0.0512,0.1867,0.0000,912,338,300,1,1,9.7840,0.2975,0
154632,4021.4180,0.6316,37.9957,0.0242,32.8017,0.0003,17.6709,7.8568,15.1186,2.8686,0.1674,0.1530,7.0571,3.7711,-0.0496,3.8875,0.0371,0.2088,0.7256,0.0000,304,92,120,1,1,8.5880,0.5197,0
154633,4029.6812,0.9145,7.5904,0.0286,6.8538,0.0031,3.7015,8.4048,9.3753,1.6354,0.1155,0.3412,6.2065,2.4824,-0.0335,3.8746,0.1150,0.2324,0.5384,0.0000,304,92,120,1,1,9.3880,0.8965,0
48393,28256.6055,0.7236,14.6353,0.0390,13.0317,0.0000,7.6782,11.6306,12.6066,1.9431,0.1888,0.6051,6.7533,0.4356,0.0554,1.1325,0.0637,0.0926,0.7304,0.0000,1270,461,420,1,1,12.9920,0.9226,0
65289,16221.3408,0.5661,14.8272,0.0015,13.7453,0.0000,7.9481,7.7746,7.3838,1.1124,0.0335,0.4741,7.5401,3.3185,0.0324,3.0735,0.0318,0.1640,0.0932,0.0000,1270,461,420,1,1,9.2000,1.0529,0
65290,10297.8232,0.6307,11.7895,0.0836,11.5359,0.0002,7.5443,5.4600,23.9880,2.5693,0.1252,0.2630,6.7619,2.1223,0.0106,1.3336,0.1138,0.1468,0.3815,0.0090,1270,461,420,1,1,6.3360,0.2276,0
126475,11807.6104,0.8333,4.0166,0.0566,3.7068,0.0011,2.0662,9.0678,14.4275,2.5270,0.0110,0.2030,6.5267,0.2288,0.0260,0.9628,0.4327,0.0310,0.0596,0.0000,546,215,148,1,1,10.0600,0.6285,0
154635,5898.7529,0.6941,202.0860,0.0508,177.4273,0.0006,89.6114,8.8440,22.3232,5.2307,0.1997,0.2829,7.5027,4.4956,-0.0133,4.0603,0.0118,0.1350,0.9156,0.0000,304,92,120,1,1,9.4800,0.3962,0
168971,2862.1970,0.7826,80.7572,80.7572,72.2217,0.0066,39.8712,9.3512,460.2119,0.0000,1.2399,1.2399,7.5274,7.1458,0.0000,5.5194,1.0000,0.2841,2.3250,0.0000,92,92,0,1,1,9.4960,0.0203,0
61197,0.0000,0.0000,0.0000,0.0000,0.0000,0.0000,0.0000,0.0000,0.0000,0.0000,2.6872,1.4109,0.0000,0.0000,-0.0272,5.0276,0.4712,0.3763,7.5092,0.3064,1301,461,420,1,0,0.0000,1.6174,0
94991,0.0000,0.0000,0.0000,0.0000,0.0000,0.0000,0.0000,0.0000,0.0000,0.0000,2.8782,1.1765,5.0744,4.2377,0.0225,9.9461,0.0360,0.4114,16.8126,0.0000,974,338,331,1,0,0.0000,0.4422,0
110865,0.0000,0.0000,0.0000,0.0000,0.0000,0.0000,0.0000,0.0000,0.0000,0.0000,1.0324,0.4167,0.1577,0.0625,0.0023,4.8038,0.6349,0.2349,3.9313,0.1237,761,277,240,1,0,0.0000,0.8195,0
120594,21789.3594,0.8793,22.7931,0.1974,17.9974,0.0073,8.5558,11.0406,26.6109,6.1404,0.0444,0.8484,7.6581,0.1556,0.1068,1.1616,0.1460,0.0276,0.2080,0.0000,638,215,240,1,1,12.5880,0.4149,0
147474,1952.1810,0.5455,2.5311,0.0023,2.3991,0.0002,1.4496,5.4472,8.9054,0.6958,0.3235,0.3755,3.6391,0.2083,-0.0593,2.2758,0.1318,0.2503,1.1074,0.0042,396,154,120,1,1,6.6000,0.6117,0
165138,0.0000,0.0000,0.0000,0.0000,0.0000,0.0000,0.0000,0.0000,0.0000,0.0000,2.0630,2.0481,0.0000,0.0000,-0.0067,6.8632,1.0321,0.4139,3.0068,0.9945,122,92,0,1,0,0.0000,0.1801,0
93459,30304.1406,0.8088,44.1757,0.1224,39.1283,0.0043,20.6230,13.2000,21.8717,4.0512,0.1548,0.3889,6.7899,0.5565,0.0210,1.4056,0.0451,0.1312,0.5813,0.0000,973,338,361,1,1,13.6040,0.6035,0
170516,1873.5590,0.8689,7.1243,7.1243,6.4043,0.0008,3.2117,7.0632,33.9351,0.0000,2.3740,2.3740,7.0236,0.4231,0.0000,1.0530,1.0000,0.1913,16.7372,0.0000,61,61,0,1,1,7.2720,0.2081,0
105237,0.0000,0.0000,0.0000,0.0000,0.0000,0.0000,0.0000,0.0000,0.0000,0.0000,1.1691,0.6453,0.0000,0.0000,-0.0321,5.0320,0.8049,0.3487,1.0467,0.7284,822,338,240,1,0,0.0000,1.0721,0
166421,8504.1348,0.8852,22.2898,15.8816,16.7420,0.0321,7.9465,13.3666,64.4714,2.4081,0.2819,0.2032,6.9321,1.9416,-0.0026,2.2032,0.8205,0.1426,1.4664,0.0000,122,92,0,1,1,14.1120,0.2073,0
117270,22546.0645,0.7754,3.0404,0.0115,2.5911,0.0004,1.4050,19.2096,4.8066,0.7746,0.3160,1.5667,5.9689,0.0265,0.1223,1.2926,0.1330,0.0950,1.8510,0.0000,668,215,240,1,1,24.4200,3.9965,0
122134,22419.3906,0.7398,338.6674,0.0745,299.2408,0.0008,151.5753,14.1600,40.6130,8.9859,0.1841,0.1671,7.7465,5.4355,-0.0076,3.8093,0.0112,0.0879,0.4650,0.0000,638,215,240,1,1,14.9320,0.3487,0
95510,11516.4600,0.6703,5.0566,0.0020,4.2210,0.0011,2.3746,7.6280,5.1370,0.8589,0.1649,1.0552,6.6879,0.0930,0.1197,1.4022,0.0853,0.0574,0.7977,0.0000,1004,338,361,1,1,9.5000,1.4849,0
169752,0.0000,0.0000,0.0000,0.0000,0.0000,0.0000,0.0000,0.0000,0.0000,0.0000,1.8546,1.8546,0.0000,0.0000,0.0000,7.2623,1.0000,0.3718,2.0160,1.0041,92,92,0,1,0,0.0000,1.0292,0
168217,2984.3020,0.9239,52.0004,52.0004,45.2214,0.0010,23.7880,8.1164,293.2101,0.0000,1.4262,1.4262,7.4477,7.6250,0.0000,3.6744,1.0000,0.1670,1.6978,0.0000,92,92,0,1,1,8.3680,0.0277,0
137754,5289.4619,0.6783,22.4247,0.0049,21.7027,0.0000,13.6770,6.3328,10.0905,1.3765,0.2167,0.5932,6.9552,4.2991,-0.0071,4.0060,0.0218,0.2494,0.6674,0.0000,457,215,120,1,1,6.8400,0.6276,0
97562,6545.0220,0.6708,4.4954,0.0279,4.1016,0.0001,2.2873,5.3956,22.3484,2.3967,0.5835,0.7492,6.9386,4.6220,0.0163,3.4053,0.2933,0.1575,2.2859,0.0000,881,338,269,1,1,6.2000,0.2414,0
135709,10593.3691,0.7440,3.2559,0.0112,2.9751,0.0000,1.5950,9.1230,7.0539,1.1931,0.0119,0.6876,7.0458,0.9571,0.0913,1.6272,0.1452,0.0124,0.0297,0.0000,457,215,120,1,1,9.9280,1.2933,0
165917,0.0000,0.0000,0.0000,0.0000,0.0000,0.0000,0.0000,0.0000,0.0000,0.0000,3.1777,3.0525,3.8071,5.3668,0.0015,9.6809,1.1610,0.4855,7.9719,0.5750,122,92,0,1,0,0.0000,0.0380,0
109854,6058.4712,0.6329,4.1799,0.0104,3.9132,0.0019,2.2969,5.7068,9.6846,1.1461,0.4029,0.5236,5.5632,2.0693,0.0210,3.1966,0.1374,0.1657,2.6117,0.0000,760,307,240,1,1,6.5880,0.5893,0
173599,1635.5250,0.5806,49.1045,49.1045,41.8230,0.0762,22.5559,15.0726,190.4043,0.0000,0.0014,0.0014,7.9265,0.7206,0.0000,0.8908,1.0000,0.0042,0.0037,0.0000,31,31,0,1,1,15.2120,0.0792,0
59424,0.0000,0.0000,0.0000,0.0000,0.0000,0.0000,0.0000,0.0000,0.0000,0.0000,2.4953,4.7293,0.3087,0.5953,0.0888,8.3174,0.8843,0.4790,6.9689,0.8017,1301,461,420,1,0,0.0000,0.0976,0
95009,14747.2188,0.6755,19.5559,0.0041,18.2925,0.0000,10.5310,9.2560,11.1961,1.7043,0.1038,0.6363,6.5666,3.0064,0.0205,2.6903,0.0405,0.1935,0.2773,0.0000,943,338,331,1,1,10.3920,0.8267,0
151842,9540.6289,0.8323,98.8191,0.0286,84.5105,0.0010,40.7977,13.4812,15.3025,3.3551,0.2995,0.6239,6.9918,0.3433,0.0264,0.8214,0.0153,0.1350,1.5917,0.0000,334,92,120,1,1,14.6360,0.8810,0
121379,13862.6230,0.7915,5.6071,0.0220,4.8310,0.0140,2.5166,12.0082,9.6107,1.5051,0.0318,0.7207,7.2919,1.6105,0.0941,5.2493,0.1575,0.1123,0.1824,0.0000,638,215,240,1,1,13.2920,1.2495,0
101669,17589.6855,0.8850,17.1959,0.0549,15.0256,0.0027,8.0575,7.7712,16.1836,3.0741,0.0466,1.9878,7.4689,0.0524,0.1337,0.6939,0.0686,0.0322,0.1968,0.0000,791,338,240,1,1,8.9720,0.4802,0
64806,20812.7188,0.9748,17.7193,0.6194,14.2040,0.0090,7.4892,5.5400,41.3723,8.2614,0.0634,0.6463,7.6973,0.1644,0.0674,1.1932,0.3437,0.0298,0.3225,0.0000,1270,461,420,1,1,6.4600,0.1339,0
124456,21148.4590,0.7331,228.1968,0.0296,200.4614,0.0012,105.2789,14.3004,31.4726,6.7427,0.2135,0.2843,7.6209,5.0582,0.0246,4.0645,0.0107,0.0831,0.7500,0.0000,577,215,179,1,1,16.1640,0.4544,0
59944,25414.6621,0.9543,3.0766,0.0993,2.5717,0.0004,1.3708,6.8226,5.5895,0.9297,0.1503,0.1199,6.9615,0.0575,0.0089,1.7066,0.1959,0.0695,0.8065,0.0000,1270,461,420,1,1,7.6120,1.2206,0
131369,6350.7671,0.6464,6.1107,0.0019,6.0391,0.0006,4.1444,7.9880,7.5580,1.0653,0.1265,0.6997,5.3663,2.7581,0.0518,2.8328,0.0828,0.2012,0.4987,0.0000,577,215,179,1,1,9.0760,1.0569,0
153129,5058.6392,0.6944,2.0815,0.0613,1.7521,0.0001,1.0159,7.4702,5.4580,0.6805,0.7051,1.1855,6.1060,0.0380,0.0869,1.6206,0.1847,0.1913,4.2739,0.0000,396,154,120,1,1,7.9360,1.3687,0
116778,20038.2598,0.9431,13.2909,0.2166,10.9615,0.0028,5.5270,10.0598,15.8570,3.4942,0.0327,0.4879,7.6814,0.1537,0.0687,1.2048,0.1571,0.0270,0.1624,0.0000,668,215,240,1,1,11.1280,0.6344,0
139818,22164.7305,0.7484,217.9478,0.0631,182.3416,0.0000,86.2981,16.9128,24.4437,4.8109,0.1025,0.4675,7.8657,4.4516,0.0361,3.9406,0.0069,0.0806,0.1857,0.0000,457,215,120,1,1,18.8920,0.6919,0
171818,3640.4509,0.6393,278.1731,278.1731,229.4492,0.9140,97.9244,12.4288,621.4400,0.0000,0.0788,0.0788,7.8910,7.6603,0.0000,5.7625,1.0000,0.0511,0.5062,0.0000,61,61,0,1,1,12.8760,0.0140,0
62250,55218.2891,0.9772,19.4285,0.1121,16.8374,0.0017,9.3878,16.8928,13.3084,2.3057,0.0363,0.0767,7.5315,0.1108,0.0235,1.2367,0.0548,0.0217,0.1294,0.0000,1270,461,420,1,1,19.1120,1.2693,0
116779,22575.8418,0.7410,122.4657,0.1997,114.2322,0.0000,64.3328,16.7440,50.4300,8.3079,0.2025,0.5715,7.1576,4.4031,0.0387,2.8045,0.0318,0.1266,0.7604,0.0000,668,215,240,1,1,19.6320,0.3320,0
121131,12208.5449,0.8056,68.1225,0.4796,65.0061,0.0607,41.0627,10.5218,68.8388,8.7202,0.5351,1.8214,7.1907,5.7362,0.0473,9.6160,0.0626,0.2620,0.9803,0.0000,638,215,240,1,1,14.2200,0.1528,0
159275,0.0000,0.0000,0.0000,0.0000,0.0000,0.0000,0.0000,0.0000,0.0000,0.0000,0.0008,0.0000,7.9973,0.6510,-0.0002,1.0235,0.6227,0.0002,0.0000,0.0000,243,92,90,1,0,0.0000,0.3673,0
173867,259.9030,0.3226,20.6436,20.6436,20.0633,0.0184,12.2975,7.9064,141.7688,0.0000,0.4267,0.4267,6.4167,5.4722,0.0000,2.3143,1.0000,0.2283,2.0483,0.0000,31,31,0,1,1,8.0000,0.0558,0
47403,15721.9248,0.7543,13.6388,0.0534,12.6627,0.0000,8.0293,7.2182,12.0774,1.4304,0.1021,0.3249,7.3821,2.8339,-0.0359,6.9881,0.0519,0.2448,0.3459,0.0000,1270,461,420,1,1,8.6320,0.5977,0
64811,8788.7529,0.7063,2.2402,0.0265,2.2014,0.0001,1.4849,4.5022,6.8909,0.7254,0.1621,0.6523,5.6898,0.0450,0.0600,1.3023,0.1814,0.0701,0.4495,0.0000,1270,461,420,1,1,5.0800,0.6534,0
62764,34759.7305,0.9063,17.8067,0.2244,15.2171,0.0028,8.2682,9.6420,19.8708,3.5003,0.0633,0.3852,7.1459,0.9883,0.0332,2.3592,0.1032,0.0755,0.3468,0.0000,1270,461,420,1,1,9.7920,0.4852,0
93740,13188.6367,0.6650,27.6319,0.0615,26.6991,0.0000,16.5645,9.6360,22.0035,2.4955,0.0704,0.5075,7.2382,3.9861,-0.0192,8.1743,0.0438,0.2433,0.2837,0.0000,973,338,361,1,1,9.8000,0.4379,0
96812,20628.6992,0.7686,44.4692,0.0119,35.9684,0.0036,16.0630,8.8760,18.2744,4.1253,0.6219,0.4187,7.0349,4.2518,0.0060,3.6357,0.0390,0.1645,1.9051,0.0000,912,338,300,1,1,10.0320,0.4857,0
87853,11547.8115,0.7099,16.0447,0.1059,15.5575,0.0002,10.2427,7.6612,22.5298,2.2548,0.2976,0.5369,6.4430,4.1877,-0.0525,3.5169,0.0744,0.2911,0.9302,0.0000,1034,338,361,1,1,8.7200,0.3400,0
93741,19083.7520,0.7620,121.8585,0.1352,109.3281,0.0010,58.7451,9.0900,20.6087,3.4445,0.1607,0.2049,7.4630,4.6651,-0.0033,5.2530,0.0133,0.2458,0.6663,0.0000,1004,338,361,1,1,10.2840,0.4411,0
96814,25742.8516,0.7928,133.3524,0.0546,106.1783,0.0006,47.2481,9.8760,25.3238,6.4457,0.1437,0.2459,7.4593,3.6784,0.0115,3.4999,0.0203,0.0932,0.8405,0.0000,912,338,300,1,1,10.4920,0.3900,0
116783,5396.7622,0.5284,3.9249,0.0056,3.5703,0.0000,1.9970,6.4476,9.3255,1.1438,0.1832,0.4244,7.4198,2.9272,-0.0056,2.7627,0.1479,0.1437,0.3934,0.0000,668,215,240,1,1,7.3720,0.6914,0
144176,7263.1001,0.5674,9.5447,0.0379,9.1699,0.0000,5.8959,9.6632,16.0555,2.4660,0.0156,0.1760,7.5016,2.1823,0.0293,1.5071,0.1441,0.0190,0.0443,0.0000,608,215,210,1,1,10.6920,0.6019,0
134962,9256.9453,0.7187,16.2763,0.0273,14.2166,0.0008,6.8685,8.2672,19.2922,3.5399,1.0527,0.3079,6.4686,4.1708,-0.0257,10.9756,0.0779,0.2529,7.6291,0.0000,487,215,120,1,1,9.3880,0.4285,0
156980,0.0420,0.0000,0.0000,0.0000,0.0000,0.0000,0.0000,0.0000,0.0000,-0.0000,1.2782,1.5699,0.0000,0.0000,0.0098,9.0362,0.8432,0.3663,0.9161,0.8471,273,92,120,1,0,0.0600,0.3500,0
66613,19576.9922,0.9102,4.2792,0.0428,3.9413,0.0045,2.4504,8.5000,11.9010,1.5969,0.4776,0.5797,6.6035,2.1498,0.0179,2.7190,0.2138,0.1147,2.3002,0.0000,1270,461,420,1,1,9.6160,0.7142,0
101174,22841.5488,0.7958,13.9445,0.1617,13.1610,0.0004,8.0808,11.8564,17.9850,2.3803,0.0510,0.7243,7.0096,2.6601,0.0562,3.2170,0.0830,0.0912,0.2016,0.0000,852,338,240,1,1,12.3040,0.6592,0
124214,7682.5610,0.7626,26.1796,0.0718,23.1937,0.0339,12.5879,5.7880,15.3258,2.3799,0.3976,0.4931,7.2651,3.2089,-0.0574,7.2783,0.0437,0.2951,1.5601,0.0000,577,215,179,1,1,5.8440,0.3777,0
125494,8177.3521,0.7161,112.4154,0.1037,95.9240,0.0072,43.4065,7.3304,62.5068,9.0964,0.4283,0.5581,7.0035,5.8750,-0.0394,4.3488,0.0263,0.3262,1.4900,0.0000,546,215,148,1,1,8.7120,0.1173,0
124215,11336.4111,0.6620,17.3488,0.0190,15.8980,0.0001,8.7878,9.6256,14.1139,2.1773,0.3552,0.4216,6.7988,3.2676,-0.0822,2.7643,0.0586,0.2512,2.1688,0.0000,577,215,179,1,1,10.4160,0.6820,0
48183,0.0000,0.0000,0.0000,0.0000,0.0000,0.0000,0.0000,0.0000,0.0000,0.0000,1.5394,2.8188,0.0000,0.0000,0.0145,5.3919,0.7391,0.3404,2.9269,0.5807,1301,461,420,1,0,0.0000,0.4131,0
79415,24584.2168,0.6585,95.8133,0.0218,84.6380,0.0000,42.3315,9.4860,17.0167,3.0345,0.0115,0.2077,7.9576,3.8197,0.0309,2.7669,0.0124,0.0387,0.0679,0.0000,1180,461,361,1,1,10.9920,0.5575,0
101176,7659.1318,0.5888,9.3365,0.0519,9.0534,0.0001,5.9352,5.5004,27.4103,3.5145,0.1718,0.3386,5.8033,0.0495,0.0349,1.0878,0.1913,0.1313,0.6252,0.0000,912,338,300,1,1,5.7880,0.2007,0
36920,27565.9668,0.9102,7.1280,0.1993,6.4008,0.0008,3.5259,7.9582,12.8460,2.0315,0.2090,0.5976,6.9630,0.1102,0.0739,0.7328,0.1780,0.1236,1.5577,0.0000,1270,461,420,1,1,8.3800,0.6195,0
82232,15974.3975,0.6880,7.1724,0.0664,6.7681,0.0001,4.1193,9.7760,18.7285,2.0226,0.7912,0.4198,5.7323,3.8313,-0.0354,3.6306,0.1468,0.3546,3.4433,0.0000,1096,400,361,1,1,9.8240,0.5220,0
136761,0.0000,0.0000,0.0000,0.0000,0.0000,0.0000,0.0000,0.0000,0.0000,0.0000,1.2914,1.6927,2.7284,3.3996,-0.0020,4.8259,1.2226,0.2714,1.8704,0.9494,457,215,120,1,0,0.0000,0.0774,0
147257,9062.9531,0.7045,1060.8590,0.2250,988.7020,0.0000,556.0672,10.6952,107.9085,16.9660,0.0736,0.4131,7.8385,6.5647,0.0482,12.4186,0.0053,0.1799,0.3763,0.0000,396,154,120,1,1,11.6200,0.0991,0
120634,25273.5801,0.8150,14.5777,0.0459,12.9963,0.0001,6.7801,14.5048,7.4716,1.5495,0.0019,0.0109,7.7523,4.8659,-0.0041,3.7142,0.0592,0.0665,0.0112,0.0000,638,215,240,1,1,15.0920,1.9413,0
163386,0.0000,0.0000,0.0000,0.0000,0.0000,0.0000,0.0000,0.0000,0.0000,0.0000,1.1239,1.0176,0.0000,0.0000,-0.0067,4.7950,0.9920,0.3169,0.7994,0.7670,153,92,0,1,0,0.0160,2.8268,0
27195,0.0000,0.0000,0.0000,0.0000,0.0000,0.0000,0.0000,0.0000,0.0000,0.0000,1.1992,1.2090,1.5743,0.9075,-0.0220,6.6866,0.3823,0.3156,5.4668,0.0000,1301,461,420,1,0,0.0000,0.7540,0
138044,20812.2148,0.8578,50.8187,0.1901,43.6612,0.0001,23.3781,14.0096,21.7244,4.0783,0.0116,0.3367,7.6400,0.1043,0.0512,0.7181,0.0325,0.0166,0.0650,0.0000,457,215,120,1,1,15.3880,0.6449,0
107581,3609.5879,0.4313,2.7097,0.0027,2.5415,0.0000,1.5954,3.5728,4.6755,0.5114,0.7050,0.6149,7.2509,2.8921,0.0152,2.2831,0.0853,0.1892,4.7661,0.0000,881,338,269,1,1,3.8080,0.7642,0
121149,25619.2422,0.8527,110.7269,0.1095,95.2688,0.0015,47.8332,15.8680,36.2429,7.9222,0.0903,0.2909,7.3372,0.5187,0.0218,1.0603,0.0328,0.0660,0.5945,0.0000,638,215,240,1,1,18.4000,0.4378,0
131646,0.0000,0.0000,0.0000,0.0000,0.0000,0.0000,0.0000,0.0000,0.0000,0.0000,1.7526,1.0039,0.0000,0.0000,-0.0392,8.2474,0.1837,0.4202,2.1198,1.0317,518,215,120,1,0,0.0000,0.7625,0
156990,0.4780,0.0000,0.0003,0.0004,0.0002,0.0000,0.0002,0.0586,0.2737,-0.0000,1.6510,1.8195,0.0000,0.0000,0.0029,9.3869,1.0481,0.3968,0.8840,1.2223,273,92,120,1,0,0.0760,0.2141,0
167230,5491.7861,0.4434,127.1542,0.0000,110.8014,0.1050,56.1014,9.7800,489.0000,287.2916,0.3024,0.0000,7.2527,6.5645,0.1266,3.6135,91.7826,0.1428,1.8675,0.0000,212,92,59,1,1,10.3680,0.0191,0
128319,118.8700,0.2582,0.0133,0.0010,0.0109,0.0000,0.0037,0.1938,0.0978,0.0072,0.9645,0.8616,2.5547,0.8571,0.0042,5.5544,0.5298,0.2347,2.9355,0.0003,608,215,210,1,1,4.7080,1.9818,0
156991,0.0000,0.0000,0.0000,0.0000,0.0000,0.0000,0.0000,0.0000,0.0000,0.0000,4.1076,2.9279,0.0000,0.0000,-0.0218,10.2415,0.6685,0.4885,3.5384,2.4043,273,92,120,1,0,0.0000,0.5020,0
110144,41293.1953,0.6743,12.6241,0.1711,10.3404,0.0012,5.4569,18.6290,13.7059,3.0939,0.0121,0.3037,7.7773,0.0695,0.0489,1.0344,0.1504,0.0138,0.0569,0.0000,1004,338,361,1,1,21.4240,1.3592,0
149313,6447.6460,0.9096,2.8644,0.0962,2.4010,0.0002,1.1879,7.5910,7.2611,1.1558,0.0892,0.3955,6.4175,0.0428,0.0419,1.4724,0.2835,0.0776,0.4506,0.0000,365,123,120,1,1,9.3400,1.0454,0
93249,0.0000,0.0000,0.0000,0.0000,0.0000,0.0000,0.0000,0.0000,0.0000,0.0000,1.0070,0.7423,0.0000,0.0000,-0.0019,4.5501,0.4385,0.2784,2.0233,0.2776,1004,338,361,1,0,0.0000,1.7550,0
153410,0.0000,0.0000,0.0000,0.0000,0.0000,0.0000,0.0000,0.0000,0.0000,0.0000,1.0873,1.1524,0.0000,0.0000,0.0279,6.7737,19.7813,0.3094,1.0810,0.5947,304,92,120,1,0,0.0000,5.6366,0
161858,5169.4111,0.8343,26.0062,0.4049,23.5205,0.0002,11.8524,8.2780,27.2245,6.5474,0.0207,0.1523,7.2255,4.6677,-0.0142,2.7237,0.9561,0.1820,0.1118,0.0000,181,92,28,1,1,9.1400,0.3041,0
150083,5231.8818,0.5699,41.2373,0.0012,37.5369,0.0000,19.8455,9.3960,6.3548,0.9613,0.1577,0.5870,6.5868,3.3353,0.0415,3.5422,0.0096,0.1791,0.7920,0.0000,365,123,120,1,1,10.6080,1.4786,0
96067,7030.0918,0.5697,0.8129,0.0100,0.7469,0.0001,0.4056,7.1472,4.6429,0.4104,0.1269,0.5746,4.2797,0.6623,0.0614,2.6492,0.3589,0.1138,0.5907,0.0045,1004,338,361,1,1,7.6800,1.5394,0
162628,2879.9021,0.8824,83.9438,50.9032,78.9084,0.0000,46.5005,5.4288,271.4400,12.6230,0.0375,0.0668,7.9674,7.5972,0.0081,2.7065,0.7568,0.0791,0.1806,0.0000,153,92,0,1,1,5.9880,0.0163,0
131910,13227.9893,0.7762,4.0795,0.0279,3.8841,0.0003,2.3045,10.9120,12.7299,2.2188,0.0330,0.2319,7.1988,3.9685,0.0218,2.9642,0.3248,0.1030,0.0329,0.0000,487,215,120,1,1,12.3200,0.8572,0
105543,42605.8203,0.9191,109.9458,0.1470,93.2380,0.0072,45.9391,19.8772,32.7234,6.0796,0.0941,0.1517,7.5984,3.2132,-0.0095,3.6872,0.0234,0.0978,0.6300,0.0000,791,338,240,1,1,22.9440,0.6074,0
142407,4629.8789,0.5939,3.8365,0.0024,3.6297,0.0000,2.0807,5.6324,5.8583,0.9214,0.0954,0.3459,7.6587,2.9046,0.0382,2.8474,0.1063,0.0874,0.6117,0.0000,426,184,120,1,1,6.3480,0.9614,0
149575,6830.7998,0.5781,170.2994,0.0226,152.6280,0.0000,79.0776,9.6920,18.8310,3.2765,1.4799,0.7453,7.6262,4.9380,0.0193,3.2178,0.0075,0.2723,3.5725,0.0000,365,123,120,1,1,9.7200,0.5147,0
101195,15139.1338,0.7600,12.1839,0.0273,10.7965,0.0000,5.6017,9.7440,16.3929,2.2164,0.9022,0.6255,6.8583,4.4173,-0.1125,3.3113,0.0766,0.3413,4.7995,0.0000,821,338,240,1,1,9.8280,0.5944,0
154700,2528.7681,0.5362,5.9036,0.0129,5.2856,0.0006,2.7475,5.1408,14.0407,2.6823,1.8415,1.9982,6.7745,3.4657,0.0201,2.9776,0.2872,0.2181,12.4650,0.0000,304,92,120,1,1,5.8760,0.3661,0
162636,3869.2590,0.8235,196.5054,7.0166,174.5910,0.0007,104.1787,11.0816,69.6664,2.8369,0.3963,0.1567,7.1440,6.8576,-0.0066,3.3245,0.0501,0.3097,1.7363,0.0000,153,92,0,1,1,12.1120,0.1591,0
162637,2290.4639,0.8562,10.7394,1.9814,10.4702,0.0003,7.6254,8.3632,25.0662,0.7482,0.5838,0.3342,5.5082,3.8715,-0.0134,2.8417,0.2542,0.2236,1.0019,0.0000,153,92,0,1,1,9.0040,0.3336,0
56399,27533.3008,0.6827,422.2839,0.0380,354.9477,0.0009,176.1866,9.6120,31.9362,5.8782,0.0841,0.2482,7.8747,5.1940,-0.0373,11.6911,0.0052,0.1993,0.2875,0.0000,1270,461,420,1,1,11.4320,0.3010,0
136016,12196.2246,0.9716,3.8412,0.1255,2.8199,0.0101,1.5643,9.3800,9.0368,1.2976,0.1021,0.3245,6.2857,0.1526,0.0386,1.7772,0.1902,0.0610,0.3969,0.0000,457,215,120,1,1,10.2960,1.0380,0
150096,4135.9731,0.5452,110.9067,0.0151,92.0911,0.0000,38.3076,6.4652,13.0661,2.0560,0.2546,0.4664,7.5711,4.3182,-0.0763,3.9579,0.0076,0.2376,1.0344,0.0000,365,123,120,1,1,7.3920,0.4948,0
118609,15763.8721,0.6207,5.6332,0.0052,5.3100,0.0000,3.1414,14.0046,8.7422,1.3627,0.0152,0.1360,7.0465,2.2841,-0.0053,2.4273,0.1285,0.0957,0.0740,0.0000,638,215,240,1,1,14.4400,1.6020,0
138577,18758.3457,0.9256,16.3606,1.1763,14.0431,0.0012,6.2970,14.5232,54.2953,7.0122,0.1480,0.4164,7.3582,2.9025,0.0061,1.8984,0.2993,0.1301,0.7412,0.0000,457,215,120,1,1,15.6640,0.2675,0
111698,104366.1953,0.9726,613.4889,55.0862,491.5707,2.8432,240.0510,38.1834,1599.0821,322.7850,0.0006,0.0104,7.9807,0.8975,0.0012,3.1554,0.4772,0.0103,0.0000,0.0000,730,277,240,1,1,40.4280,0.0239,0
126291,16649.8691,0.6677,242.5525,0.1843,201.2117,0.0124,93.5549,9.5710,68.5928,20.4104,0.1650,0.2044,7.7453,6.0152,0.0103,4.6083,0.0378,0.0760,0.7025,0.0000,668,215,240,1,1,9.7680,0.1395,0
119892,34050.2695,0.8307,21.6735,0.2131,17.5004,0.0052,7.8111,14.2720,19.9442,5.5160,0.0118,0.9322,7.6198,0.1983,0.1128,0.8337,0.1501,0.0113,0.0771,0.0000,638,215,240,1,1,14.5000,0.7156,0
128853,0.0000,0.0000,0.0000,0.0000,0.0000,0.0000,0.0000,0.0000,0.0000,0.0000,2.0918,6.6272,0.0000,0.0000,0.0260,9.1162,0.4257,0.3976,3.7590,0.8661,546,215,148,1,0,0.0000,1.3967,0
171608,52091.7422,0.5082,10418349.0000,10418349.0000,8176684.0000,64006.8008,3905847.7500,127.9488,6397.4402,27846.6191,0.0000,0.0000,8.0000,8.0000,0.0000,13.0000,0.0000,0.3333,0.0000,0.0000,122,92,0,1,1,132.6960,0.0000,0
106074,17323.2930,0.6839,14.4004,0.0161,13.1578,0.0035,7.1226,11.7184,12.7578,1.8193,0.1615,0.4121,6.3850,3.2314,-0.0214,2.4461,0.0525,0.2184,0.9765,0.0000,791,338,240,1,1,13.0920,0.9185,0
122202,6298.7329,0.4710,12.0249,0.0504,11.6074,0.0001,7.6951,5.7616,10.7542,1.4767,0.0736,0.2427,7.0733,2.9444,-0.0105,5.0783,0.0639,0.1794,0.2382,0.0000,1034,338,361,1,1,6.7440,0.5358,0
123483,0.0000,0.0000,0.0000,0.0000,0.0000,0.0000,0.0000,0.0000,0.0000,0.0000,1.7377,1.8791,0.0000,0.0000,0.0430,7.2059,0.7452,0.2940,4.6633,0.4999,912,338,269,1,0,0.0000,0.5370,0
33116,15528.3623,0.7772,3.0076,0.0137,2.7552,0.0000,1.6206,6.9902,6.0352,0.8248,0.1552,0.5217,6.2473,0.1619,0.0601,1.1377,0.1467,0.0679,0.4388,0.0000,1270,461,420,1,1,7.9560,1.1582,0
106333,0.0000,0.0000,0.0000,0.0000,0.0000,0.0000,0.0000,0.0000,0.0000,0.0000,1.7309,2.7467,0.0000,0.0000,0.1080,6.0794,0.7519,0.3943,2.3004,0.9538,822,338,240,1,0,0.0000,0.4130,0
162909,0.0000,0.0000,0.0000,0.0000,0.0000,0.0000,0.0000,0.0000,0.0000,0.0000,0.0000,0.0000,8.0000,0.9557,0.1667,1.0326,2897.5825,0.0000,0.0000,0.0000,243,92,90,1,0,0.0000,0.7087,0
27485,0.0000,0.0000,0.0000,0.0000,0.0000,0.0000,0.0000,0.0000,0.0000,0.0000,1.5404,1.0452,0.0005,0.0000,0.0120,6.2701,1.0735,0.2797,2.8842,0.7565,1301,461,420,1,0,0.0000,0.7378,0
106334,0.0000,0.0000,0.0000,0.0000,0.0000,0.0000,0.0000,0.0000,0.0000,0.0000,4.6073,7.1004,0.0000,0.0000,0.0870,6.2758,0.7390,0.3880,32.5961,0.4652,822,338,240,1,0,0.0000,0.5613,0
162910,0.0000,0.0000,0.0000,0.0000,0.0000,0.0000,0.0000,0.0000,0.0000,0.0000,0.0035,0.0000,7.9810,0.9557,0.1656,1.0331,1694.8761,0.0022,0.0000,0.0000,243,92,90,1,0,0.0000,0.4096,0
106079,27905.9414,0.6789,104.5624,0.0429,92.0205,0.0001,43.1435,13.1882,33.0618,6.4242,0.0513,0.2264,7.5105,0.2301,0.0271,0.7159,0.0215,0.0575,0.3326,0.0000,791,338,240,1,1,14.2120,0.3989,0
106335,3254.8469,0.8230,0.4953,0.0203,0.0769,0.0646,-0.1518,7.7136,5.4544,0.1159,18.9915,1.0750,0.1801,4.4598,0.0756,12.2392,0.1561,0.3775,80.6119,4.5774,791,338,240,1,1,7.9080,1.4142,0
162911,0.0000,0.0000,0.0000,0.0000,0.0000,0.0000,0.0000,0.0000,0.0000,0.0000,0.0001,0.0000,7.9973,0.9557,0.1666,1.0195,1911.9218,0.0007,0.0004,0.0000,243,92,90,1,0,0.0040,0.4711,0
27487,0.0000,0.0000,0.0000,0.0000,0.0000,0.0000,0.0000,0.0000,0.0000,0.0000,1.1152,0.9762,0.0005,0.0000,-0.0066,4.6804,1.0938,0.2249,2.6743,0.4063,1301,461,420,1,0,0.0000,0.6713,0
106336,23736.6875,0.8129,26.3583,0.0138,24.4660,0.0006,13.5615,14.2640,12.4199,1.9984,0.6516,0.5494,6.6937,0.1414,0.0506,0.9488,0.0283,0.1151,0.8946,0.0000,791,338,240,1,1,16.2480,1.1485,0
162912,0.0000,0.0000,0.0000,0.0000,0.0000,0.0000,0.0000,0.0000,0.0000,0.0000,0.0000,0.0000,8.0000,0.9557,0.1667,1.0380,2227.5653,0.0000,0.0000,0.0000,243,92,90,1,0,0.0000,0.5468,0
131425,14792.8555,0.7123,11.6441,0.0711,9.2176,0.0024,3.9940,9.5260,13.1417,3.4335,0.1113,0.4428,7.3884,1.3367,0.0541,2.3122,0.1616,0.0464,0.5171,0.0000,577,215,179,1,1,11.1720,0.7249,0
162401,5372.1050,0.6368,10.7056,0.0000,7.8033,0.5383,3.4063,9.5108,26.0340,7.1698,0.0616,0.0000,7.2527,4.5192,0.1499,8.3511,796.0804,0.0496,0.3832,0.0000,212,92,59,1,1,9.8960,0.3653,0
126306,30632.9590,0.6009,396.6983,0.0856,344.7099,0.0003,161.3929,17.8690,48.7684,12.6326,0.0356,0.2087,7.7779,5.2705,0.0163,4.8676,0.0143,0.0763,0.2570,0.0000,699,246,240,1,1,18.6800,0.3664,0
142434,0.0000,0.0000,0.0000,0.0000,0.0000,0.0000,0.0000,0.0000,0.0000,0.0000,1.2576,1.3208,0.5539,0.3227,0.0133,6.0616,0.8999,0.3477,2.0072,0.3316,426,184,120,1,0,0.0000,0.1195,0
162915,0.0000,0.0000,0.0000,0.0000,0.0000,0.0000,0.0000,0.0000,0.0000,0.0000,0.0000,0.0000,8.0000,0.9557,0.1667,1.0380,753.4761,0.0000,0.0000,0.0000,243,92,90,1,0,0.0000,0.1915,0
160101,3697.2471,0.5943,21.2940,0.0000,19.8101,0.0000,10.2908,6.9352,36.0163,11.1609,0.0670,0.0000,7.6440,5.2035,0.1209,3.2060,294.7804,0.1055,0.1921,0.0000,212,92,59,1,1,7.2800,0.1926,0
160102,3826.8071,0.5849,26.1921,0.0000,24.9562,0.0013,15.8379,8.4728,55.2022,14.6064,0.0557,0.0000,6.9049,6.3120,0.1222,2.9801,250.0000,0.2025,0.2869,0.0000,212,92,59,1,1,9.1840,0.1535,0
160358,3936.9380,0.8160,2.4653,0.0417,2.2838,0.0011,1.4308,8.9560,6.0520,0.8619,0.0322,0.2390,5.7473,1.6712,0.0455,2.0669,0.2538,0.0339,0.0983,0.0000,212,92,59,1,1,9.5040,1.4798,0
128103,26014.2969,0.9170,19.0611,0.0911,16.4136,0.0018,8.8033,17.1792,17.0421,3.1382,0.0457,0.3301,7.2372,0.2100,0.0341,0.8546,0.0672,0.0377,0.1328,0.0000,518,215,120,1,1,20.4200,1.0080,0
160103,5369.1040,0.6085,6.9477,0.0000,5.9355,0.0009,3.0241,8.6232,21.3880,7.4414,0.0136,0.0000,7.6332,0.0756,0.1631,1.0702,1261.2631,0.0093,0.0643,0.0000,212,92,59,1,1,8.9360,0.4032,0
120936,5194.3262,0.8056,9.6360,0.0400,9.0345,0.0000,5.1583,4.7626,9.1061,1.2595,0.4311,0.2871,6.1733,0.0865,0.0090,1.1783,0.0665,0.1298,1.4113,0.0000,638,215,240,1,1,4.7960,0.5230,0
160104,5700.9868,0.6085,7.2354,0.0000,6.2813,0.0007,3.1706,8.8072,25.9019,9.3411,0.0224,0.0000,7.6005,0.0484,0.1609,1.0634,1282.1456,0.0191,0.1505,0.0000,212,92,59,1,1,9.0280,0.3400,0
120937,7442.1631,0.8323,8.2708,0.3951,8.0676,0.0001,5.2842,4.9680,16.1858,1.7317,0.1693,0.7104,6.5709,0.0036,0.0482,1.2199,0.1779,0.0908,0.5597,0.0000,638,215,240,1,1,5.6440,0.3069,0
139881,0.0000,0.0000,0.0000,0.0000,0.0000,0.0000,0.0000,0.0000,0.0000,0.0000,0.2680,0.0212,0.0307,0.0659,-0.1301,5.4252,0.1395,0.2529,0.5519,0.0540,457,215,120,1,0,0.0000,2.3153,0
90985,0.0000,0.0000,0.0000,0.0000,0.0000,0.0000,0.0000,0.0000,0.0000,0.0000,1.2916,1.3089,0.0000,0.0000,-0.0096,4.7451,0.2443,0.3474,2.4824,0.3353,1035,338,361,1,0,0.0000,1.3430,0
118890,0.0000,0.0000,0.0000,0.0000,0.0000,0.0000,0.0000,0.0000,0.0000,0.0000,0.8220,0.9007,0.0000,0.0000,0.0010,5.5869,0.1061,0.3580,2.8758,0.1832,638,215,240,1,0,0.0000,1.7007,0
107115,0.0000,0.0000,0.0000,0.0000,0.0000,0.0000,0.0000,0.0000,0.0000,0.0000,0.6794,0.4071,0.0000,0.0000,-0.0457,4.3896,0.1302,0.2476,1.9415,0.2095,822,338,240,1,0,0.0000,1.9336,0
135531,0.0000,0.0000,0.0000,0.0000,0.0000,0.0000,0.0000,0.0000,0.0000,0.0000,1.0709,1.0407,0.0210,0.0220,0.0017,3.4664,1.2689,0.3045,2.0608,0.4179,487,215,120,1,0,0.0000,0.2501,0
106348,0.0000,0.0000,0.0000,0.0000,0.0000,0.0000,0.0000,0.0000,0.0000,0.0000,1.2670,0.9903,0.0000,0.0000,-0.0487,7.7886,0.2664,0.3867,2.4763,0.4618,822,338,240,1,0,0.0000,0.5595,0
155244,0.0000,0.0000,0.0000,0.0000,0.0000,0.0000,0.0000,0.0000,0.0000,0.0000,5.5735,7.2838,0.1630,0.1402,0.0199,7.5605,0.4370,0.3476,16.3641,0.7579,852,338,240,1,0,0.0000,0.4030,0
156525,1780.5570,0.5691,5.7429,0.0487,5.3735,0.0007,3.3237,5.0972,13.1238,1.4551,0.6132,1.1194,6.4130,3.9681,0.0068,2.7494,0.1413,0.2765,2.2771,0.0000,304,92,120,1,1,5.9760,0.3884,0
174189,0.0000,0.0000,0.0000,0.0000,0.0000,0.0000,0.0000,0.0000,0.0000,0.0000,2.2463,2.2463,0.0000,0.0000,0.0000,4.1867,1.0000,0.4383,1.6828,1.3134,31,31,0,1,0,0.0000,0.7194,0
69997,14588.8359,0.8236,6.8289,0.5640,6.5788,0.0015,4.0368,5.5280,26.8661,2.4205,2.9395,0.7292,6.0391,4.0222,-0.0034,2.9492,0.2729,0.2184,6.8288,0.0000,1270,461,420,1,1,6.2760,0.2058,0
155246,0.0000,0.0000,0.0000,0.0000,0.0000,0.0000,0.0000,0.0000,0.0000,0.0000,2.2732,2.3717,0.0000,0.0000,0.0005,11.1904,0.5323,0.4569,0.8619,1.9192,852,338,240,1,0,0.0440,0.1883,0
107887,11690.3311,0.7276,5.1001,0.0044,4.7040,0.0006,2.6581,8.3820,11.3896,1.7183,0.1543,0.4377,6.4765,0.2183,0.0240,1.5007,0.1640,0.1015,0.3345,0.0000,760,307,240,1,1,9.6280,0.7359,0
150127,10270.2930,0.9233,29.8634,2.3663,22.3724,0.0159,12.1031,9.8656,75.3092,11.4998,0.0187,0.6162,7.7632,0.1853,0.0740,1.1430,0.3645,0.0238,0.0600,0.0000,365,123,120,1,1,10.5160,0.1310,0
155247,0.0000,0.0000,0.0000,0.0000,0.0000,0.0000,0.0000,0.0000,0.0000,0.0000,0.1210,0.5394,0.0000,0.0000,0.0776,5.6569,0.1134,0.1162,0.4420,0.0390,852,338,240,1,0,0.0000,1.9451,0
99439,12650.7461,0.6731,2.5028,0.0052,2.1647,0.0001,1.0615,6.9848,4.3957,0.7737,0.2834,0.8234,6.1435,1.3909,0.0578,2.5253,0.1570,0.1031,0.6981,0.0004,881,338,269,1,1,8.0520,1.5890,0
156784,6126.0068,0.5428,85.8984,0.0218,77.8135,0.0004,39.2058,8.5428,11.7599,3.1827,0.0905,0.4025,7.6440,3.5827,0.0280,2.9004,0.0170,0.0890,0.3930,0.0000,304,92,120,1,1,8.7200,0.7264,0
162160,3235.4480,0.9412,6.6958,2.6291,6.6047,0.0004,4.3045,7.1920,21.0796,0.2745,0.1436,0.0802,6.5082,3.9417,-0.0182,6.0671,0.4336,0.1650,0.3081,0.0000,153,92,0,1,1,7.7800,0.3412,0
46962,0.0000,0.0000,0.0000,0.0000,0.0000,0.0000,0.0000,0.0000,0.0000,0.0000,2.0188,1.2632,3.4995,1.8012,-0.0485,6.8339,0.7096,0.3393,9.1619,0.3273,1301,461,420,1,0,0.0000,0.1683,0
97650,19697.9297,0.6667,27.5870,0.0020,23.1934,0.0011,11.6338,10.0952,8.2064,1.6990,0.1351,1.1685,6.2271,3.5039,0.0829,4.3095,0.0255,0.1550,0.6514,0.0000,912,338,300,1,1,11.9720,1.2302,0
107123,12413.6895,0.6738,2.0350,0.0071,1.8700,0.0000,1.0149,8.9600,6.9358,0.9364,0.2011,0.5240,6.5017,1.9262,0.0300,2.3384,0.2643,0.1014,1.2318,0.0000,791,338,240,1,1,9.5840,1.2918,0
119923,33089.2617,0.9759,16.6885,0.2765,14.6392,0.0027,7.5937,19.4640,16.2149,3.0412,0.0174,0.0202,7.6643,0.1888,0.0034,1.0439,0.0934,0.0220,0.1127,0.0000,457,215,120,1,1,19.6840,1.2004,0
63347,28359.9453,0.9701,3.1164,0.0743,2.5938,0.0022,1.3457,10.0568,8.1116,1.2277,0.3410,0.6417,5.9544,0.1524,0.0424,1.6642,0.2519,0.1275,1.7731,0.0000,1270,461,420,1,1,12.3520,1.2398,0
150900,9334.6016,0.9102,4.7788,0.0267,3.8284,0.0028,1.8753,11.1308,4.6357,1.0812,0.1332,0.8364,6.7880,0.1601,0.1010,1.7115,0.1294,0.0495,0.8604,0.0000,334,92,120,1,1,12.3520,2.4011,0
140406,9126.5820,0.7290,7.0827,0.0523,6.6168,0.0024,3.8393,10.4100,19.6176,2.8880,0.0519,0.8520,5.8095,1.1329,0.0640,2.3487,0.1830,0.0585,0.2382,0.0000,487,215,120,1,1,12.6920,0.5306,0
162934,0.0000,0.0000,0.0000,0.0000,0.0000,0.0000,0.0000,0.0000,0.0000,0.0000,1.2186,0.9779,0.0000,0.0000,-0.0106,5.7294,0.7984,0.3250,2.5320,0.4753,153,92,0,1,0,0.0000,0.6497,0
56950,43898.1055,0.9339,19.5513,0.1826,18.0713,0.0016,9.6187,13.7000,26.1602,4.4455,0.0659,0.6898,7.1972,0.0756,0.1184,0.6828,0.1169,0.0418,0.3287,0.0000,1270,461,420,1,1,15.8960,0.5237,0
96886,20281.6094,0.6908,85.1337,0.0258,77.9762,0.0000,41.1878,9.7248,24.6998,5.0400,0.3950,0.1968,7.2707,4.7339,-0.0205,2.7727,0.0261,0.2108,1.9455,0.0000,912,338,300,1,1,10.3920,0.3937,0
155255,10292.5430,0.2769,181.3163,0.0483,164.8847,0.0000,93.6712,16.9600,23.5141,4.8091,0.0248,0.1565,7.7038,3.1437,0.0243,2.7101,0.0122,0.0426,0.2200,0.0000,668,215,240,1,1,19.0320,0.7213,0
46967,0.0000,0.0000,0.0000,0.0000,0.0000,0.0000,0.0000,0.0000,0.0000,0.0000,1.3487,1.1879,0.0000,0.0000,-0.0068,5.1099,0.4977,0.3620,2.6180,0.6196,1301,461,420,1,0,0.0000,0.2026,0
130680,8903.8770,0.6291,46.5951,0.0369,41.3134,0.0000,22.1595,6.7092,21.9642,4.9963,0.0124,0.0932,7.8558,4.2647,-0.0033,6.8498,0.0528,0.0940,0.0612,0.0000,577,215,179,1,1,7.7960,0.3055,0
46968,0.0000,0.0000,0.0000,0.0000,0.0000,0.0000,0.0000,0.0000,0.0000,0.0000,2.3203,0.9077,0.0005,0.0033,-0.0051,6.7525,0.8460,0.2683,7.8056,0.5290,1301,461,420,1,0,0.0000,0.3271,0
106873,13121.1777,0.6833,10.4254,0.0302,9.5954,0.0006,5.3484,8.6064,23.1385,3.7863,0.3455,0.1531,6.3140,3.4931,-0.0725,3.5312,0.1994,0.2065,0.9387,0.0000,821,338,240,1,1,10.0200,0.3720,0
150906,1020.7760,0.6617,1.7004,0.0086,1.6385,0.0000,1.0890,3.0000,3.6055,0.3632,0.1892,0.5779,4.6821,0.0763,0.0368,1.9818,0.1236,0.1605,0.5073,0.0000,334,92,120,1,1,3.6200,0.8321,0
174202,0.0000,0.0000,0.0000,0.0000,0.0000,0.0000,0.0000,0.0000,0.0000,0.0000,1.7324,1.7324,0.0000,0.0000,0.0000,6.0212,1.0000,0.3989,1.9044,0.7601,31,31,0,1,0,0.0000,3.9174,0
146811,7160.8730,0.8864,17.9151,0.0344,15.8902,0.0012,8.7971,9.6080,11.7801,1.5883,0.5507,0.3741,5.8595,3.2816,0.0192,8.9389,0.0372,0.2906,0.5650,0.0000,396,154,120,1,1,10.1120,0.8156,0
93564,0.0000,0.0000,0.0000,0.0000,0.0000,0.0000,0.0000,0.0000,0.0000,0.0000,2.5109,1.3413,0.4489,0.7845,-0.0022,5.9600,0.5240,0.3351,5.9415,0.5685,1004,338,361,1,0,0.0000,1.3627,0
106365,13484.1973,0.7396,40.7871,0.0056,37.1477,0.0010,21.1538,10.2480,20.0413,2.6638,0.4574,0.4071,5.4438,0.3363,-0.0010,1.2232,0.0240,0.1904,1.2647,0.0000,791,338,240,1,1,12.0800,0.5113,0
124797,0.0000,0.0000,0.0000,0.0000,0.0000,0.0000,0.0000,0.0000,0.0000,0.0000,2.7080,1.7131,4.0233,4.7762,-0.0099,8.5836,5.0988,0.3915,6.7868,0.1680,577,215,179,1,0,0.0000,0.0738,0
159613,0.0000,0.0000,0.0000,0.0000,0.0000,0.0000,0.0000,0.0000,0.0000,0.0000,0.7312,0.7652,0.0000,0.0000,-0.0235,7.4854,0.1165,0.3291,0.9234,0.5077,212,92,59,1,0,0.0000,0.6649,0
95357,0.0000,0.0000,0.0000,0.0000,0.0000,0.0000,0.0000,0.0000,0.0000,0.0000,3.2602,1.5840,0.0000,0.0000,-0.0525,7.4805,0.3250,0.4962,6.7559,0.5274,974,338,331,1,0,0.0000,1.4879,0
159614,8460.9971,0.8774,479.9496,17.1922,386.0273,0.0205,170.6323,9.7600,488.0000,336.8412,0.0833,1.1240,7.7663,7.7643,0.2619,4.7918,0.5613,0.1165,0.3556,0.0000,212,92,59,1,1,10.3760,0.0081,0
91774,86948.8594,0.9622,19.6988,0.2053,16.1931,0.0075,8.1030,30.7202,17.6351,3.5722,0.0122,0.3408,7.7382,0.1825,0.0557,0.9330,0.1021,0.0128,0.0622,0.0000,1004,338,361,1,1,34.1680,1.7420,0
62847,31548.5527,0.8882,3.8682,0.3065,3.2722,0.0007,1.8530,8.6742,14.2162,2.3897,0.0251,0.4040,7.2385,0.0205,0.0554,1.5609,0.5441,0.0235,0.1391,0.0000,1270,461,420,1,1,9.2040,0.6102,0
131712,12945.3926,0.7664,23.6123,0.0184,20.1456,0.0001,11.6436,11.3596,17.5606,2.8950,0.1016,0.8634,6.9419,3.5973,0.0461,4.1506,0.0414,0.1920,0.4881,0.0000,518,215,120,1,1,12.4800,0.6469,0
167808,0.0000,0.0000,0.0000,0.0000,0.0000,0.0000,0.0000,0.0000,0.0000,0.0000,1.9867,1.9724,3.8234,4.1848,0.0000,4.5288,1.3213,0.3708,6.8010,0.8748,122,92,0,1,0,0.0000,0.0565,0
128897,5232.8701,0.8626,123.7263,44.8498,105.5280,0.0041,46.2304,3.1436,157.1800,134.3188,0.0203,0.0788,7.9977,6.3953,0.0928,2.5721,2.4147,0.0310,0.0125,0.0000,546,215,148,1,1,3.4040,0.0040,0
163457,0.0000,0.0000,0.0000,0.0000,0.0000,0.0000,0.0000,0.0000,0.0000,0.0000,1.7275,1.0123,0.0000,0.0000,-0.0143,6.8426,0.8692,0.3351,3.4873,0.3779,153,92,0,1,0,0.0000,0.6798,0
167809,0.0000,0.0000,0.0000,0.0000,0.0000,0.0000,0.0000,0.0000,0.0000,0.0000,0.2441,0.2434,0.1739,0.3696,0.0000,6.3178,1.3119,0.2001,0.4729,0.1510,122,92,0,1,0,0.0000,0.1682,0
147332,5624.9189,0.9066,2.9789,0.0561,2.6041,0.0001,1.3024,6.9852,5.5596,0.6470,0.0939,0.4724,6.6100,0.0287,0.0691,1.3676,0.1231,0.0593,0.4384,0.0000,396,154,120,1,1,8.0360,1.2564,0
115589,12632.5059,0.3811,63.8443,0.3272,56.5402,0.0002,29.8216,7.5880,61.8396,11.3314,0.8771,0.5299,7.5241,5.3608,0.0433,3.7859,0.0908,0.0962,0.9936,0.0000,1270,461,420,1,1,7.7320,0.1227,0
123269,17035.0781,0.6520,233.6594,0.0889,226.0970,0.0000,141.5106,13.3864,37.5904,6.5477,0.1161,0.4702,7.4860,5.3872,0.0469,2.7488,0.0128,0.1729,0.7450,0.0000,638,215,240,1,1,15.0920,0.3561,0
127621,11441.3174,0.8340,30.5161,0.0561,26.2321,0.0002,14.5750,9.5930,32.2187,5.1130,3.0824,0.5770,5.2651,5.7408,-0.1135,4.9313,0.0561,0.4346,13.7288,0.2875,518,215,120,1,1,9.7880,0.2977,0
137605,4903.6201,0.6608,99.6182,0.0364,97.5033,0.0001,64.0453,5.6990,20.1292,2.5090,0.0988,0.4679,7.7822,4.8075,-0.0002,11.6836,0.0084,0.2664,0.4500,0.0000,457,215,120,1,1,6.3600,0.2831,0
36229,0.0000,0.0000,0.0000,0.0000,0.0000,0.0000,0.0000,0.0000,0.0000,0.0000,1.6549,1.9223,0.0000,0.0000,-0.0160,5.6932,0.7893,0.3425,3.7399,0.8109,1301,461,420,1,0,0.0000,0.1986,0
120966,6015.9209,0.8903,1.3261,0.1307,1.1253,0.0000,0.6215,4.8688,5.8556,0.5640,0.3715,0.2978,5.1302,0.0065,0.0104,1.7759,0.3839,0.1123,1.0405,0.0000,638,215,240,1,1,5.4320,0.8315,0
36230,0.0000,0.0000,0.0000,0.0000,0.0000,0.0000,0.0000,0.0000,0.0000,0.0000,1.8064,15.9207,0.0000,0.0000,0.0706,6.3877,0.1624,0.3664,6.3520,0.1966,1301,461,420,1,0,0.0000,1.2319,0
120967,10171.8125,0.9232,4.1928,0.2472,3.5581,0.0002,1.9281,5.2648,8.7103,1.3837,1.1949,0.4859,6.8535,0.0690,0.0153,1.4100,0.2618,0.1139,12.0366,0.0000,638,215,240,1,1,5.7040,0.6044,0
147591,2925.8311,0.3510,87.2614,0.0039,79.5438,0.0000,41.9592,5.7224,10.4391,1.7757,0.0967,0.4332,7.8667,3.7257,0.0153,3.2067,0.0073,0.1179,0.3625,0.0000,396,154,120,1,1,6.5840,0.5482,0
87431,8266.7451,0.9420,10.6790,0.0388,9.0193,0.0560,4.6229,5.2570,22.2528,3.2291,0.6453,0.6185,4.7522,0.0012,0.0160,1.5771,0.1425,0.2114,2.3586,0.0000,1034,338,361,1,1,6.3320,0.2362,0
92041,0.0000,0.0000,0.0000,0.0000,0.0000,0.0000,0.0000,0.0000,0.0000,0.0000,0.9248,0.9995,0.0000,0.0000,-0.0187,4.7424,0.2666,0.3301,1.1920,0.4748,1035,338,361,1,0,0.0000,1.3808,0
114315,296.1970,0.5247,0.0760,0.0007,0.0760,0.0000,0.0636,0.4360,0.3360,0.0177,0.4357,0.7820,3.6002,0.0000,0.0315,1.3191,0.1274,0.1916,1.3482,0.0006,730,277,240,1,1,0.4920,1.2974,0
170123,3783.5940,0.9672,1053.6324,1053.6324,929.0034,0.0000,467.9487,11.3108,565.5400,0.0000,0.2125,0.2125,7.9407,7.9310,0.0000,9.2069,1.0000,0.0799,0.3775,0.0000,61,61,0,1,1,11.4680,0.0026,0
98955,14967.0049,0.8025,79.0686,0.2129,68.2754,0.0003,33.5921,7.0710,71.1719,12.9559,0.4231,0.1349,7.2249,6.1393,-0.0189,3.5048,0.0730,0.2392,1.5474,0.0000,881,338,269,1,1,9.1600,0.0994,0
54412,13318.3535,0.7913,14.7128,0.1236,12.7893,0.0001,6.2327,4.2800,11.8648,1.7455,0.2495,0.5571,7.3742,2.0301,0.0258,0.9266,0.0612,0.1227,1.7049,0.0000,1270,461,420,1,1,4.8320,0.3607,0
70028,20775.8418,0.7472,9.7560,0.0132,8.5687,0.0003,4.4135,9.7044,16.1553,2.2887,1.7559,0.8580,5.8532,3.2305,-0.0265,3.7695,0.1098,0.3005,10.5739,0.0000,1270,461,420,1,1,10.3440,0.6007,0
156301,7561.7202,0.6612,420.7368,0.2544,358.5593,0.0007,178.2479,9.5608,70.4096,19.1772,0.0586,0.6687,7.8533,5.8650,0.0982,5.5326,0.0196,0.0488,0.2613,0.0000,304,92,120,1,1,9.7440,0.1358,0
164493,0.0000,0.0000,0.0000,0.0000,0.0000,0.0000,0.0000,0.0000,0.0000,0.0000,12.2393,12.9736,0.0462,0.8242,-0.0041,8.7945,1.1465,0.4393,14.2024,6.1032,153,92,0,1,0,0.0000,1.1932,0
96653,12061.2354,0.5735,7.2391,0.1976,7.2094,0.0002,5.2206,8.9320,46.4903,4.5116,0.5716,0.4524,5.3984,4.7113,-0.0030,3.2721,0.4446,0.3250,3.3292,0.0000,912,338,300,1,1,9.6120,0.1921,0
107150,17135.0938,0.6516,14.6010,0.0491,12.4235,0.0007,6.6862,9.6008,17.3405,3.0328,0.4953,0.3930,6.9974,2.2802,0.0321,1.8804,0.0902,0.1414,2.7859,0.0000,821,338,240,1,1,10.6600,0.5537,0
94862,14068.2705,0.7656,24.8149,0.0120,23.2237,0.0003,12.9041,7.5052,11.8893,2.0122,0.1426,0.4779,6.4614,0.0786,0.0457,0.9560,0.0362,0.1238,0.6695,0.0000,943,338,331,1,1,8.0960,0.6313,0
169871,3416.3230,0.9836,292.1432,292.1432,258.6725,0.0537,131.5981,9.0532,452.6600,0.0000,0.0221,0.0221,7.9000,7.8263,0.0000,3.9898,1.0000,0.0537,0.1625,0.0000,61,61,0,1,1,9.0960,0.0082,0
150672,7958.5537,0.8802,45.5424,0.0098,38.7265,0.0010,19.9429,12.6804,10.7668,2.1491,0.5773,0.5810,6.7880,3.1494,0.0193,3.7131,0.0220,0.2323,3.9478,0.0000,334,92,120,1,1,13.4000,1.1777,0
153488,5456.4639,0.6480,97.3098,0.0880,87.5783,0.0002,43.6613,8.6444,20.3714,3.9261,0.1500,0.4381,7.5516,3.9490,0.0106,2.6398,0.0197,0.1255,0.5436,0.0000,304,92,120,1,1,9.7120,0.4243,0
144017,7837.3291,0.4776,19.6483,0.2985,17.5676,0.0006,10.1621,7.0760,26.4717,4.2330,0.1508,0.3024,7.0145,0.3927,0.0275,1.2650,0.1149,0.0862,0.8209,0.0000,760,307,240,1,1,7.6600,0.2673,0
54162,23365.4902,0.9709,8.5600,0.2243,7.5535,0.0492,4.0449,8.0302,26.9553,4.4224,0.4327,0.5832,7.0489,3.5079,0.0358,3.6453,0.3367,0.1271,1.6109,0.0000,1270,461,420,1,1,9.1720,0.2979,0
76690,30659.0762,0.8307,0.6926,0.0866,0.6450,0.0000,0.3791,11.4248,3.8636,0.4856,0.2016,0.5831,3.8473,0.0000,0.0484,1.3835,0.7015,0.0866,0.9355,0.0028,1270,461,420,1,1,13.3000,2.9571,0
65427,54550.6562,0.6543,622.8109,0.0238,503.5234,0.0000,247.8387,15.7008,29.9067,6.8235,0.0194,0.3623,7.9501,5.2265,0.0337,11.7942,0.0041,0.0720,0.1250,0.0000,1270,461,420,1,1,16.5400,0.5250,0
72083,29410.7969,0.6215,6.5286,0.0050,5.8624,0.0007,3.0903,12.2232,10.2259,1.6401,0.3886,0.6225,5.6383,0.0835,0.0446,1.7512,0.1233,0.0980,3.1367,0.0000,1239,461,389,1,1,14.3680,1.1953,0
75923,31331.7734,0.7827,61.7287,0.0144,57.4162,0.0007,30.6500,12.5268,19.0165,3.3348,0.2585,0.6739,6.7047,4.0318,0.0067,3.6689,0.0226,0.2252,1.0978,0.0000,1270,461,420,1,1,14.4680,0.6587,0
60564,0.0000,0.0000,0.0000,0.0000,0.0000,0.0000,0.0000,0.0000,0.0000,0.0000,1.3728,0.9012,0.0000,0.0000,-0.0144,7.4143,0.3754,0.3143,2.4117,0.6225,1301,461,420,1,0,0.0000,0.7926,0
120725,11787.7764,0.6395,552.0081,0.0380,493.4890,0.0000,277.1308,7.6436,21.2347,4.1497,0.0708,0.4416,7.8314,4.4223,0.0146,5.5285,0.0033,0.1554,0.3538,0.0000,638,215,240,1,1,8.2680,0.3600,0
163477,9977.0273,0.4575,20.4969,20.4969,16.3276,0.0463,8.0030,22.2000,76.6097,13.5903,0.0059,0.0059,7.8750,0.5107,0.0000,1.1822,1.6630,0.0057,0.0088,0.0000,153,92,0,1,1,22.6440,0.2898,0
102550,84414.1797,0.8794,7.6047,0.1775,6.4674,0.0024,3.4374,35.8172,14.0575,2.5647,0.0848,0.3540,7.2095,0.3767,0.0474,1.7384,0.1952,0.0305,0.2528,0.0000,821,338,240,1,1,38.5360,2.5479,0
115607,11124.5225,0.9127,1.9174,0.0659,1.6105,0.0009,0.8500,7.0216,5.5827,0.8486,1.1113,0.6912,5.9116,0.0830,-0.0042,1.4064,0.3151,0.2046,5.7482,0.0000,699,246,240,1,1,8.0720,1.2577,0
145815,0.0000,0.0000,0.0000,0.0000,0.0000,0.0000,0.0000,0.0000,0.0000,0.0000,0.4691,0.8104,0.0000,0.0000,-0.0050,4.8686,0.3665,0.2940,0.9774,0.2019,426,184,120,1,0,0.0000,1.7236,0
147351,4288.6289,0.4116,270.9300,0.0622,255.9102,0.0000,153.7863,9.4044,23.7942,3.2631,0.1469,0.3243,7.7928,4.2709,0.0111,5.6575,0.0043,0.1318,0.3000,0.0000,396,154,120,1,1,9.7480,0.3952,0
156311,9360.1406,0.7664,15.2913,0.1497,11.4094,0.0179,5.1829,10.9612,12.6393,4.0252,0.0354,0.2972,7.4946,0.2615,0.0501,1.1636,0.1566,0.0264,0.2699,0.0000,304,92,120,1,1,12.7880,0.8672,0
98200,15355.9443,0.6640,96.4060,0.0166,90.2496,0.0000,54.5833,11.3592,24.5849,3.2192,1.1691,0.2892,7.0631,4.6855,-0.1252,2.5403,0.0127,0.3900,6.1781,0.0000,881,338,269,1,1,13.1440,0.4620,0
103833,21726.9141,0.7623,62.9032,0.2533,58.4280,0.0001,32.7288,10.3080,26.6429,3.9269,0.2504,0.1540,7.3371,4.1464,-0.0054,7.3106,0.0278,0.1406,1.4126,0.0000,791,338,240,1,1,10.6600,0.3869,0
95385,0.0000,0.0000,0.0000,0.0000,0.0000,0.0000,0.0000,0.0000,0.0000,0.0000,4.3496,6.9438,1.2611,2.5628,0.0129,7.4807,0.7244,0.4649,13.6959,0.7076,943,338,331,1,0,0.0000,0.1168,0
117402,0.0000,0.0000,0.0000,0.0000,0.0000,0.0000,0.0000,0.0000,0.0000,0.0000,1.6715,1.1576,0.0000,0.0000,-0.0142,6.5333,0.3668,0.3629,2.7581,0.6074,699,215,240,1,0,0.0000,0.9782,0
140443,0.0000,0.0000,0.0000,0.0000,0.0000,0.0000,0.0000,0.0000,0.0000,0.0000,0.0542,0.0497,7.9077,7.8750,-0.0782,12.8810,0.4640,0.3655,0.0000,0.0000,426,184,120,1,0,0.0000,0.0011,0
88219,14631.7842,0.9487,4.1584,0.1268,3.4167,0.0004,1.4444,7.0954,11.1317,1.5787,0.3544,0.4576,5.9845,0.0953,0.0268,1.5335,0.2455,0.1280,1.6222,0.0000,1034,338,361,1,1,7.7680,0.6374,0
140444,0.0000,0.0000,0.0000,0.0000,0.0000,0.0000,0.0000,0.0000,0.0000,0.0000,3.5516,1.5364,0.0000,0.0000,-0.0859,4.3908,1.4581,0.6398,8.0204,0.4556,426,184,120,1,0,0.0000,0.3983,0
116381,19512.8672,0.9521,8.8838,0.0738,7.1630,0.0015,3.5081,10.4648,8.9706,1.9781,0.0493,0.4513,7.3791,0.0890,0.0684,1.0531,0.1259,0.0385,0.2822,0.0000,668,215,240,1,1,12.0080,1.1666,0
95133,11959.5420,0.7200,13.1487,0.2308,11.9386,0.0222,6.1258,7.8130,50.2307,5.5406,0.4986,1.2556,7.0629,2.8430,0.0332,4.2684,0.2651,0.1467,2.7951,0.0000,943,338,331,1,1,8.4840,0.1555,0
128926,11355.1338,0.6988,12.4379,0.0199,11.5906,0.0001,6.9964,11.8352,20.0924,2.3898,0.5863,0.3077,4.1698,0.0030,-0.0235,1.4950,0.0617,0.2242,2.2428,0.0000,518,215,120,1,1,13.9920,0.5890,0
141982,8838.4502,0.6995,114.6517,0.0144,104.3030,0.0005,54.8506,8.6488,20.1552,3.7651,0.1552,0.3640,7.4781,4.4976,-0.0181,5.7880,0.0118,0.2056,0.8094,0.0000,426,184,120,1,1,9.9520,0.4291,0
18846,0.0000,0.0000,0.0000,0.0000,0.0000,0.0000,0.0000,0.0000,0.0000,0.0000,0.4187,6.9516,6.8053,6.4687,0.0357,10.7049,0.2907,0.3324,1.0414,0.1703,1270,461,420,1,0,0.0000,0.0716,0
104095,0.0000,0.0000,0.0000,0.0000,0.0000,0.0000,0.0000,0.0000,0.0000,0.0000,0.9633,1.0167,0.0000,0.0000,0.0176,2.5065,0.2444,0.3226,1.6618,0.3231,883,338,240,1,0,0.0000,3.2550,0
141983,0.0000,0.0000,0.0000,0.0000,0.0000,0.0000,0.0000,0.0000,0.0000,0.0000,1.5386,1.0246,0.0000,0.0000,0.0032,6.2344,0.1750,0.2983,3.4546,0.5672,426,184,120,1,0,0.0000,2.0874,0
166047,8219.9043,0.8770,318.7630,285.4133,264.0249,0.0136,133.4233,14.1428,707.1400,46.1919,0.2276,0.3393,7.6685,7.9322,0.0058,4.5217,1.0403,0.1107,0.9888,0.0000,122,92,0,1,1,15.0440,0.0112,0
69791,19208.2305,0.7685,13.7210,0.0460,12.1506,0.0001,6.3959,8.3902,15.7833,2.1860,0.3428,0.2904,6.7907,3.3748,-0.0245,2.7996,0.0741,0.1871,1.4376,0.0000,1270,461,420,1,1,9.3320,0.5316,0
73119,0.0000,0.0000,0.0000,0.0000,0.0000,0.0000,0.0000,0.0000,0.0000,0.0000,1.6482,1.8527,0.0000,0.0000,0.0001,8.1867,0.9459,0.3867,3.2931,0.6493,1270,461,389,1,0,0.0000,0.3905,0
152736,11657.3330,0.8234,80.8255,0.0891,66.8520,0.0003,31.4718,14.2180,19.2308,4.7739,0.0132,0.1827,7.7582,3.6927,0.0156,3.8147,0.0268,0.0476,0.0657,0.0000,334,92,120,1,1,16.3520,0.7393,0
36513,0.0000,0.0000,0.0000,0.0000,0.0000,0.0000,0.0000,0.0000,0.0000,0.0000,1.5451,0.1825,0.0000,0.0000,-0.0508,5.2063,0.2728,0.2919,3.1388,0.4383,1301,461,420,1,0,0.0000,1.0306,0
60065,15775.0938,0.6055,6.7065,0.0017,6.1592,0.0002,3.3958,7.6164,7.1185,1.0579,0.1809,0.5567,6.5060,2.9996,0.0407,2.8085,0.0844,0.1499,0.5630,0.0000,1270,461,420,1,1,8.9800,1.0699,0
104098,18323.9922,0.8592,1.1337,0.0295,1.0309,0.0000,0.6323,10.3304,3.1038,0.4357,0.2433,0.7799,5.3365,0.0013,0.0855,1.0822,0.2156,0.1130,0.9965,0.0000,852,338,240,1,1,11.2760,3.3283,0
152738,6162.0010,0.6407,6.5756,0.0157,5.9090,0.0004,3.1806,10.7260,12.1913,2.3335,1.3773,0.3307,6.9212,0.7855,-0.0470,1.2570,0.1758,0.1973,8.8291,0.0000,334,92,120,1,1,12.2960,0.8798,0
120483,10191.0225,0.7962,2.4321,0.0401,2.0722,0.0002,1.1122,6.1054,6.1892,1.2364,0.0918,0.7407,6.8988,0.0095,0.0920,1.0701,0.3398,0.0411,0.5214,0.0000,638,215,240,1,1,6.8560,0.9865,0
63907,6270.7788,0.4220,0.6013,0.0001,0.5489,0.0001,0.3158,6.3400,3.0092,0.2354,0.2440,0.6751,5.5620,0.7054,0.0681,1.9268,0.2174,0.0999,1.9344,0.0002,1270,461,420,1,1,8.4560,2.1069,0
102052,15950.0049,0.6845,5.5091,0.0126,5.0774,0.0001,3.0057,11.4000,10.5000,1.3228,0.1822,0.4264,5.1605,0.0716,-0.0048,1.3774,0.1251,0.1651,0.4216,0.0000,821,338,240,1,1,12.7520,1.0857,0
106916,17412.6055,0.7381,1.6882,0.0482,1.4095,0.0005,0.7224,9.6440,5.6031,0.7230,0.1708,0.3481,4.6869,0.1652,0.0220,2.1994,0.2686,0.0971,0.7108,0.0000,821,338,240,1,1,10.6800,1.7212,0
120484,28239.3496,0.9138,5.4165,0.0460,4.4338,0.0104,2.2221,17.2920,8.9656,1.8828,0.0126,0.4315,6.8872,0.0407,0.0661,0.9166,0.2122,0.0358,0.0651,0.0000,638,215,240,1,1,19.1800,1.9287,0
131236,5180.9692,0.4658,10.6847,0.0043,9.7685,0.0002,5.7615,6.4360,11.5347,1.6061,0.1558,0.3830,6.4407,4.0364,-0.0135,1.9903,0.0752,0.2610,0.4437,0.0000,730,277,240,1,1,6.9880,0.5580,0
157092,4012.7490,0.6447,56.4235,0.0143,49.0515,0.0125,23.7034,6.6612,20.0126,4.2142,0.0479,0.2786,7.4321,2.6231,0.0273,1.0546,0.0363,0.1206,0.2104,0.0000,273,92,120,1,1,7.2680,0.3329,0
54948,0.0000,0.0000,0.0000,0.0000,0.0000,0.0000,0.0000,0.0000,0.0000,0.0000,2.1538,1.7121,6.4696,4.3003,0.0109,9.9320,0.2639,0.3399,12.7625,0.3875,1301,461,420,1,0,0.0000,0.0694,0
80548,0.0000,0.0000,0.0000,0.0000,0.0000,0.0000,0.0000,0.0000,0.0000,0.0000,1.1762,0.7356,0.0000,0.0000,-0.0279,6.2967,0.2426,0.3469,2.2886,0.4261,1157,430,361,1,0,0.0000,1.1861,0
105637,11140.0371,0.5639,15.9343,0.0013,15.1544,0.0001,8.8532,8.3802,6.3266,0.8923,1.2115,0.5723,6.4756,3.6199,-0.0232,2.7306,0.0214,0.2632,3.5364,0.0000,821,338,240,1,1,9.1080,1.3246,0
166566,2460.8330,0.7459,2.3248,2.1339,1.9796,0.0001,1.0133,5.3180,9.9400,0.1943,0.3083,0.2137,6.5700,0.0506,-0.0061,1.2692,1.0014,0.0858,1.8030,0.0000,122,92,0,1,1,5.4000,0.5350,0
92583,106774.2734,0.9671,450.1579,49.7724,353.4180,0.8587,169.2894,31.2672,1393.9074,285.5228,0.0000,0.0070,7.9978,0.4142,0.0011,1.1549,0.6022,0.0003,0.0000,0.0000,1004,338,361,1,1,34.8520,0.0224,0
102057,0.0000,0.0000,0.0000,0.0000,0.0000,0.0000,0.0000,0.0000,0.0000,0.0000,1.3760,0.8030,0.0000,0.0000,-0.0428,6.8453,0.4457,0.3627,3.5583,0.1081,852,338,240,1,0,0.0000,1.3722,0
37545,52786.7891,0.9746,3.2169,0.0737,2.6951,0.0005,1.2630,17.4600,5.7269,0.8267,0.1196,0.4300,6.5093,0.0565,0.0636,0.8502,0.1643,0.0553,0.7464,0.0000,1301,461,420,1,1,19.7120,3.0488,0
157098,3341.3501,0.6227,2.9753,0.0206,2.9083,0.0000,1.8423,6.8010,7.1162,1.1124,0.0679,0.2658,6.6875,2.2772,0.0317,3.3220,0.2471,0.0661,0.1662,0.0000,273,92,120,1,1,7.2480,0.9557,0
37546,29557.3984,0.8591,0.8752,0.0165,0.7890,0.0000,0.4549,15.7834,3.1270,0.3346,0.2328,0.6956,3.8288,0.0004,0.0802,1.2152,0.2469,0.0930,1.2572,0.0000,1270,461,420,1,1,18.6960,5.0475,0
157099,2973.2090,0.5751,24.7654,0.0135,24.2057,0.0000,15.6262,6.5794,9.4396,1.3455,0.1444,0.4084,6.8261,2.8352,0.0199,2.3712,0.0289,0.1662,0.5866,0.0000,273,92,120,1,1,7.0600,0.6970,0
86955,23159.7051,0.9691,7.4719,0.2058,6.2140,0.0029,3.0963,8.5792,13.1288,2.2167,0.3609,0.4904,6.6538,0.0987,0.0171,1.3429,0.2015,0.1189,1.6981,0.0000,1034,338,361,1,1,9.5600,0.6535,0
124844,18559.5625,0.8336,65.4319,0.0363,56.5754,0.0016,29.8855,13.0440,34.4566,7.2318,0.4235,0.4474,7.1826,5.3372,0.0392,4.0885,0.0392,0.1757,2.9337,0.0000,577,215,179,1,1,14.6680,0.3786,0
134060,0.0000,0.0000,0.0000,0.0000,0.0000,0.0000,0.0000,0.0000,0.0000,0.0000,1.3109,1.7199,0.0000,0.0000,0.0185,4.9756,0.7484,0.3481,1.4706,0.8931,487,215,120,1,0,0.0000,0.2711,0
141484,16976.3418,0.8263,14.0657,0.2150,12.8277,0.0006,6.7549,16.1860,49.5903,8.0200,0.0551,0.7684,7.3454,3.7554,0.0502,2.4730,0.2845,0.0720,0.1810,0.0000,426,184,120,1,1,17.3760,0.3264,0
56236,7556.0381,0.6843,7.7723,0.1106,6.7190,0.0003,2.9148,4.1462,25.5176,2.4615,0.6881,0.2233,6.2934,4.8670,-0.1086,1.8166,0.1738,0.3274,2.7704,0.0202,1270,461,420,1,1,4.8000,0.1625,0
32173,0.0000,0.0000,0.0000,0.0000,0.0000,0.0000,0.0000,0.0000,0.0000,0.0000,3.0552,3.7897,0.0927,0.0381,0.0240,6.9473,0.7215,0.4087,7.8032,0.4074,1270,461,420,1,0,0.0000,0.4770,0
48301,29831.9883,0.8386,65.8672,0.4595,57.8625,0.0005,32.9362,8.9920,33.0930,4.8655,0.0389,0.2706,7.6453,4.9744,0.0034,4.4795,0.0396,0.1229,0.2210,0.0000,1270,461,420,1,1,9.8560,0.2717,0
157358,2974.1289,0.4176,18.2913,0.0003,17.4378,0.0005,10.6651,8.5160,13.4652,2.1764,0.3125,0.4455,7.1277,3.9424,-0.0596,3.2391,0.0574,0.2245,1.7207,0.0000,273,92,120,1,1,9.4040,0.6324,0
109231,12167.1445,0.4943,35.9504,0.0233,33.1931,0.0085,20.1042,10.2480,17.5821,2.7438,0.1738,1.0223,7.3893,2.7445,0.0496,6.9095,0.0347,0.1097,0.1895,0.0000,973,338,361,1,1,11.8800,0.5829,0
149167,6760.0879,0.6027,90.4781,0.0059,85.7695,0.0000,52.9029,11.6380,9.9181,1.4017,0.0512,0.5942,7.8221,3.7760,0.0730,3.7960,0.0061,0.0758,0.3106,0.0000,365,123,120,1,1,12.7280,1.1734,0
36783,0.0000,0.0000,0.0000,0.0000,0.0000,0.0000,0.0000,0.0000,0.0000,0.0000,1.0985,1.1101,0.0000,0.0000,-0.0047,5.5816,0.7555,0.3317,0.7806,0.8219,1301,461,420,1,0,0.0000,0.4583,0
125617,31674.9043,0.6395,4.7904,0.3809,4.0067,0.0193,2.0596,20.4140,26.5041,4.8182,0.2709,0.3036,6.7116,3.0761,0.0325,3.3359,0.9840,0.0636,1.5986,0.0000,821,338,240,1,1,22.5800,0.7702,0
96945,0.0000,0.0000,0.0000,0.0000,0.0000,0.0000,0.0000,0.0000,0.0000,0.0000,2.0838,1.0752,0.0000,0.0000,-0.0268,4.7684,0.1973,0.4527,4.4222,0.5815,547,184,180,1,0,0.0000,2.0234,0
97969,3524.3049,0.5426,0.8062,0.0010,0.7178,0.0001,0.3626,4.4840,3.9780,0.3156,1.7089,1.2032,4.8550,2.6925,0.0108,2.9424,0.2229,0.2801,11.2838,0.0036,881,338,269,1,1,5.4280,1.1272,0
101298,89105.4531,0.9683,510.9571,54.6968,396.7744,1.0346,199.3389,29.3904,1469.5200,334.9953,0.0003,0.0130,7.9993,0.3989,0.0021,0.9922,0.5932,0.0002,0.0000,0.0000,852,338,240,1,1,34.6000,0.0176,0
101299,65006.8984,0.9660,6.2319,0.1190,4.9966,0.0029,2.6482,27.0318,12.3495,2.3141,0.1604,0.5283,6.9142,0.4855,0.0572,1.8813,0.2061,0.0721,1.1311,0.0000,852,338,240,1,1,31.9720,2.1889,0
55475,36506.5430,0.9331,7.1635,0.1626,6.0779,0.0006,3.4021,9.8524,9.7841,1.6263,0.0483,0.3402,7.0842,0.0422,0.0472,1.0645,0.1383,0.0407,0.2005,0.0000,1270,461,420,1,1,11.3640,1.0070,0
58291,13416.4785,0.6512,15.2366,0.0659,14.9465,0.0000,9.5497,5.7200,12.8103,1.5630,0.5684,0.3201,7.5277,3.5470,-0.0016,5.6348,0.0499,0.2221,0.1390,0.0000,1270,461,420,1,1,6.6680,0.4465,0
157108,1622.5330,0.4652,24.2852,0.0021,22.1016,0.0002,13.4457,4.6960,10.0170,1.4085,0.9918,0.5043,5.0462,2.2397,-0.0128,2.2041,0.0294,0.2923,4.2880,0.0222,273,92,120,1,1,5.1680,0.4688,0
166580,5099.3809,0.7459,4.6105,4.5120,3.2992,0.2848,0.9851,8.5280,16.2554,0.5498,0.1984,0.1445,7.4967,0.0028,-0.0021,0.7906,1.0979,0.0346,0.9527,0.0000,122,92,0,1,1,9.0360,0.5246,0
108981,27078.0742,0.6475,100.0440,1.0539,87.6733,0.0007,43.8754,12.9040,176.5630,38.5663,0.0976,0.9306,7.3302,0.1681,0.0894,0.9121,0.2140,0.0816,0.6192,0.0000,973,338,361,1,1,15.0360,0.0731,0
147894,32635.2891,0.9781,3395.2839,527.9567,2728.2664,3.7144,1457.9971,24.8920,1244.6000,2506.4523,0.0000,0.0130,7.9979,8.0000,0.0055,12.9658,0.7724,0.0000,0.0000,0.0000,365,123,120,1,1,27.7000,0.0019,0
174518,0.0000,0.0000,0.0000,0.0000,0.0000,0.0000,0.0000,0.0000,0.0000,0.0000,0.2500,0.2500,7.7500,8.0000,0.0000,10.5000,1.0000,0.1873,0.0000,0.2500,31,31,0,1,0,0.0000,0.0177,0
38326,0.0000,0.0000,0.0000,0.0000,0.0000,0.0000,0.0000,0.0000,0.0000,0.0000,2.2940,1.7488,0.0076,0.0000,0.0165,6.9464,0.5414,0.4159,4.1049,0.8232,1270,461,420,1,0,0.0000,0.6816,0
117175,26367.5293,0.7859,16.7641,0.1057,13.9782,0.0086,6.7013,15.9278,16.7680,3.3192,0.2751,0.2449,6.7907,1.8358,0.0215,7.1045,0.1126,0.0610,2.1607,0.0000,668,215,240,1,1,18.2360,0.9499,0
117943,22785.0352,0.6465,10.5432,0.1691,8.4851,0.0068,4.2994,11.7348,11.7203,2.2799,0.0354,0.3704,7.3895,0.1125,0.0555,1.1924,0.1321,0.0267,0.1470,0.0000,973,338,361,1,1,12.7360,1.0012,0
147895,24780.2578,0.9315,16.4352,0.1329,13.6500,0.0014,7.6163,22.9642,14.5918,3.0189,0.0334,0.7354,7.2606,0.1058,0.0927,1.4991,0.0938,0.0274,0.1963,0.0000,365,123,120,1,1,25.2920,1.5738,0
154551,0.0000,0.0000,0.0000,0.0000,0.0000,0.0000,0.0000,0.0000,0.0000,0.0000,2.5228,2.1630,0.0000,0.0000,-0.0289,7.1687,0.9884,0.4166,1.9517,1.5259,304,92,120,1,0,0.0000,0.4891,0
174519,0.0000,0.0000,0.0000,0.0000,0.0000,0.0000,0.0000,0.0000,0.0000,0.0000,1.2498,1.2498,0.0000,0.0000,0.0000,2.8667,1.0000,0.4182,0.3414,1.0820,31,31,0,1,0,0.0000,0.2485,0
40119,0.0000,0.0000,0.0000,0.0000,0.0000,0.0000,0.0000,0.0000,0.0000,0.0000,1.4570,1.5036,0.0000,0.0000,-0.0106,6.8861,0.4778,0.3333,3.4297,0.5406,1270,461,420,1,0,0.0000,0.8016,0
53431,0.0000,0.0000,0.0000,0.0000,0.0000,0.0000,0.0000,0.0000,0.0000,0.0000,1.5412,1.2974,0.0000,0.0000,0.0172,7.4230,0.3318,0.3792,3.4624,0.5480,1301,461,420,1,0,0.0000,0.8375,0
130488,25431.1699,0.9035,260.7098,2.4571,231.5630,0.0073,132.8737,20.7716,254.5849,36.4535,0.0908,0.6544,7.6628,6.1781,0.1266,3.8800,0.0735,0.0694,0.3075,0.0000,518,215,120,1,1,23.1600,0.0816,0
109241,12032.2324,0.6842,4.7684,0.0424,4.2979,0.0001,2.2769,8.6180,13.3073,1.4931,0.7021,0.5314,5.4728,1.9956,0.0227,3.5714,0.1592,0.1552,4.4796,0.0000,760,307,240,1,1,9.6560,0.6476,0
130489,11203.6660,0.5734,1.9032,0.0038,1.7822,0.0000,1.0558,13.3524,6.4938,0.9456,0.0474,0.8603,6.1291,0.9584,0.0759,3.9424,0.2102,0.0806,0.3808,0.0000,518,215,120,1,1,14.5480,2.0562,0
174521,0.0000,0.0000,0.0000,0.0000,0.0000,0.0000,0.0000,0.0000,0.0000,0.0000,0.0000,0.0000,7.9167,7.2500,0.0000,1.0000,1.0000,0.0000,0.0000,0.0000,31,31,0,1,0,0.0000,0.0672,0
174522,0.0000,0.0000,0.0000,0.0000,0.0000,0.0000,0.0000,0.0000,0.0000,0.0000,0.9910,0.9910,0.0000,0.0000,0.0000,0.5833,1.0000,0.3332,0.3167,0.7949,31,31,0,1,0,0.0000,0.1004,0
63674,0.0000,0.0000,0.0000,0.0000,0.0000,0.0000,0.0000,0.0000,0.0000,0.0000,1.0253,1.0499,0.1647,0.2431,-0.0059,6.1368,1.0651,0.3064,0.9147,0.6745,1270,461,420,1,0,0.0000,0.0658,0
115387,16253.3076,0.3654,11.7484,0.0175,10.4082,0.0003,5.2300,9.7960,8.0645,1.5555,0.0785,0.8661,7.4071,1.3631,0.0897,3.5041,0.0612,0.0294,0.1646,0.0000,1270,461,420,1,1,10.0120,1.2147,0
172731,1372.2881,0.7419,103.0478,103.0478,90.0862,0.1071,41.0235,10.7876,435.4085,0.0000,0.1592,0.1592,7.4773,7.4773,0.0000,3.1818,1.0000,0.0822,0.9088,0.0000,31,31,0,1,1,11.5600,0.0248,0
174523,0.0000,0.0000,0.0000,0.0000,0.0000,0.0000,0.0000,0.0000,0.0000,0.0000,1.0117,1.0117,0.0000,0.0000,0.0000,7.5000,1.0000,0.3331,0.0680,0.9854,31,31,0,1,0,0.0000,0.1071,0
160446,591.4670,0.6698,0.1754,0.0061,0.1736,0.0000,0.1090,3.7070,2.5188,0.1444,0.4806,0.9262,1.2962,0.0000,0.0040,1.8813,0.8984,0.2331,0.9866,0.0697,212,92,59,1,1,4.1040,1.4718,0
155839,0.0000,0.0000,0.0000,0.0000,0.0000,0.0000,0.0000,0.0000,0.0000,0.0000,0.3002,0.7417,0.0000,0.0000,0.0414,8.6873,0.0720,0.1873,1.2277,0.1584,699,246,240,1,0,0.0000,1.1053,0
90815,32896.7148,0.7371,1017.8986,0.1145,900.0424,0.0000,506.2639,14.1568,28.1019,5.3031,0.0539,0.3196,7.8487,4.4661,-0.0021,7.8301,0.0022,0.1722,0.2556,0.0000,1004,338,361,1,1,15.1400,0.5038,0
155840,12834.5029,0.3027,39.2832,0.9071,32.8809,0.0015,15.8874,15.9200,103.1646,19.5550,0.1864,0.4069,7.3750,0.1768,0.0230,0.9664,0.2756,0.0608,0.7160,0.0000,730,277,240,1,1,16.3840,0.1543,0
155841,5009.1060,0.3824,3.6003,0.2398,3.4025,0.0000,2.0549,7.3000,11.1729,1.4313,0.0575,0.2689,6.9402,0.0000,0.0413,1.4682,0.3052,0.0411,0.1866,0.0000,638,215,240,1,1,8.0720,0.6534,0
157121,0.0000,0.0000,0.0000,0.0000,0.0000,0.0000,0.0000,0.0000,0.0000,0.0000,2.2932,1.6271,0.0000,0.0000,-0.0400,4.4690,0.7703,0.4649,2.4690,1.0896,273,92,120,1,0,0.0000,1.8434,0
161473,4594.8691,0.6132,7.8196,0.0000,7.3691,0.0000,4.4049,10.9036,10.2007,2.1917,0.0020,0.4332,7.8859,3.8121,0.1149,3.0274,0.7610,0.0353,0.0080,0.0000,212,92,59,1,1,12.0640,1.0689,0
165057,0.0000,0.0000,0.0000,0.0000,0.0000,0.0000,0.0000,0.0000,0.0000,0.0000,3.6342,4.4495,0.0462,0.2297,-0.0005,6.3175,1.1049,0.3847,7.1746,0.4893,153,92,0,1,0,0.0000,0.7714,0
109763,15525.5303,0.5603,16.6585,0.0867,13.8960,0.0040,7.8665,13.3208,12.1959,1.4927,0.2335,0.0679,6.9608,1.7708,0.0142,3.9859,0.0377,0.1245,2.8508,0.0000,821,338,240,1,1,15.5040,1.0922,0
134852,8800.5918,0.8337,14.4113,0.0102,13.0943,0.0009,7.6029,12.1560,13.1872,1.6825,0.4586,0.6713,4.9442,0.1324,0.0112,1.3318,0.0408,0.2369,2.0106,0.0000,487,215,120,1,1,13.3560,0.9218,0
153284,5252.6260,0.6579,91.0752,0.0657,80.7921,0.0000,40.1790,7.9878,23.0507,4.5947,0.0619,0.2957,7.5978,0.1370,0.0431,0.7962,0.0233,0.0629,0.2989,0.0000,304,92,120,1,1,8.2680,0.3465,0
97988,0.0000,0.0000,0.0000,0.0000,0.0000,0.0000,0.0000,0.0000,0.0000,0.0000,3.7926,6.3522,0.0000,0.0003,-0.0091,6.0290,0.9712,0.3550,12.8344,0.4333,912,338,269,1,0,0.0000,0.3415,0
77253,0.0000,0.0000,0.0000,0.0000,0.0000,0.0000,0.0000,0.0000,0.0000,0.0000,1.7690,2.7365,0.0000,0.0000,0.0046,6.5529,0.9780,0.3913,4.2630,0.3443,1211,461,361,1,0,0.0000,0.4291,0
98501,24458.7812,0.6772,9.1689,0.0581,8.1955,0.0001,4.5006,12.3442,16.1357,2.7520,0.2451,0.2879,6.2507,0.1526,0.0292,1.2362,0.1404,0.0612,1.5398,0.0000,852,338,240,1,1,12.8760,0.7650,0
135366,0.0000,0.0000,0.0000,0.0000,0.0000,0.0000,0.0000,0.0000,0.0000,0.0000,0.8366,0.9052,0.0000,0.0000,-0.0036,3.5204,0.2179,0.3007,1.5446,0.4363,487,215,120,1,0,0.0000,1.7452,0
147142,5956.2202,0.7020,4.6983,0.0400,4.4497,0.0004,2.8591,9.1408,9.4214,1.0311,1.0560,0.8287,5.9212,2.8676,0.0126,4.9018,0.1090,0.2233,7.2654,0.0000,396,154,120,1,1,9.6960,0.9702,0
170182,1655.3630,0.9836,42.6684,42.6684,36.7456,0.0012,17.5542,7.0680,260.4772,0.0000,0.1441,0.1441,6.8941,0.2627,0.0000,0.6571,1.0000,0.1096,0.6132,0.0000,61,61,0,1,1,7.5280,0.0271,0
97990,0.0000,0.0000,0.0000,0.0000,0.0000,0.0000,0.0000,0.0000,0.0000,0.0000,0.6644,1.3296,0.0000,0.0000,0.0322,3.8268,0.1523,0.2676,1.6126,0.3289,912,338,269,1,0,0.0000,1.2643,0
58311,27843.6953,0.7898,19.5344,0.0438,16.3087,0.0005,8.0600,8.9902,18.0161,3.5178,0.2934,0.4238,6.9273,0.2039,0.0165,1.0845,0.0834,0.0959,1.5278,0.0000,1270,461,420,1,1,9.6680,0.4990,0
103880,10231.8525,0.8453,11.5469,0.3195,9.9567,0.0047,5.7300,4.9236,27.6482,4.4792,0.2929,1.8755,7.0285,0.1944,0.1099,1.4192,0.2244,0.1278,1.5443,0.0000,821,338,240,1,1,5.4280,0.1781,0
153288,2067.6851,0.6086,10.3020,0.0035,9.1191,0.0000,4.4420,6.8752,8.0525,0.8480,0.2470,0.3933,5.1060,3.2949,-0.0884,2.1082,0.0422,0.3430,0.7558,0.0133,304,92,120,1,1,7.4080,0.8538,0
135369,0.0000,0.0000,0.0000,0.0000,0.0000,0.0000,0.0000,0.0000,0.0000,0.0000,1.4476,2.0011,4.2314,4.0651,0.0208,2.6090,0.8281,0.3379,2.4321,0.7574,487,215,120,1,0,0.0000,0.0520,0
100811,17904.0430,0.5455,59.4733,0.0050,52.8613,0.0000,28.8288,9.6094,33.5961,7.4093,0.0795,0.3349,7.4401,0.1766,0.0360,0.9565,0.0490,0.0552,0.4372,0.0000,1034,338,361,1,1,10.7200,0.2860,0
110283,19384.2695,0.9068,2.0377,0.0884,1.7520,0.0003,1.0295,11.5442,6.9071,0.9302,0.3582,0.7132,5.1893,0.0121,0.0475,1.8129,0.3241,0.1426,1.9796,0.0000,730,277,240,1,1,12.9160,1.6714,0
160715,2513.1240,0.9724,1.6200,0.0742,1.3471,0.0001,0.6873,4.9664,5.8326,0.9148,0.2095,1.1695,4.6522,0.0227,0.0821,2.1710,0.4269,0.1130,0.5508,0.0000,181,92,28,1,1,5.5920,0.8515,0
125644,16257.4697,0.8752,4.4147,0.3056,3.7459,0.0030,2.1464,11.1520,12.2125,2.1737,0.0632,0.4008,6.2012,0.0554,0.0675,1.6711,0.6900,0.0527,0.1922,0.0000,577,215,179,1,1,12.1400,0.9132,0
160716,6815.6650,0.9779,11.7105,2.2353,8.8788,0.0090,4.2115,7.8264,37.7053,7.7517,0.0484,0.1042,7.5165,0.2141,0.0037,1.1532,0.9224,0.0321,0.2542,0.0000,181,92,28,1,1,8.4000,0.2076,0
101837,0.0000,0.0000,0.0000,0.0000,0.0000,0.0000,0.0000,0.0000,0.0000,0.0000,1.5902,1.0220,0.0007,0.0000,0.0463,2.4467,0.3975,0.1887,5.9003,0.2599,852,338,240,1,0,0.0000,1.7394,0
103631,0.0000,0.0000,0.0000,0.0000,0.0000,0.0000,0.0000,0.0000,0.0000,0.0000,1.3095,1.4160,0.0000,0.0000,0.0074,6.0484,0.8012,0.3262,2.6002,0.5548,852,338,240,1,0,0.0000,0.5909,0
104399,30196.9629,0.8879,6.7398,0.1456,5.5133,0.0037,2.6088,12.8252,12.2331,2.3265,0.2691,0.4498,6.1436,0.1368,0.0324,1.8328,0.1950,0.1464,0.9821,0.0000,821,338,240,1,1,14.2960,1.0484,0
174543,0.0000,0.0000,0.0000,0.0000,0.0000,0.0000,0.0000,0.0000,0.0000,0.0000,0.0000,0.0000,0.0000,0.0000,0.0000,12.0000,0.0000,0.3333,0.0000,0.0000,31,31,0,1,0,-1.0000,0.0000,0
174544,0.0000,0.0000,0.0000,0.0000,0.0000,0.0000,0.0000,0.0000,0.0000,0.0000,0.0000,0.0000,0.0000,0.0000,0.0000,12.0000,0.0000,0.3333,0.0000,0.0000,31,31,0,1,0,-1.0000,0.0000,0
119505,12715.1982,0.8197,7.6597,0.0458,7.4659,0.0003,4.7102,9.2240,6.8458,1.0331,0.0153,0.3059,6.9077,1.8919,0.0387,2.2051,0.0751,0.0577,0.0610,0.0000,638,215,240,1,1,9.5000,1.3474,0
127698,1620.6620,0.9556,771.1860,222.1212,639.2772,0.1151,349.4866,0.8412,42.0600,531.3283,0.0002,0.0031,8.0000,7.9995,0.0154,13.0000,0.9004,0.0091,0.0000,0.0000,518,215,120,1,1,0.9240,0.0002,0
132050,62889.7266,0.9651,26.3096,0.6769,21.0988,0.0139,9.7662,27.3920,33.4856,8.5519,0.0049,0.2159,7.9070,0.2453,0.0312,1.0192,0.1668,0.0072,0.0007,0.0000,487,215,120,1,1,27.4480,0.8180,0
127700,5179.6328,0.7703,10.5780,0.0250,10.3395,0.0000,6.7666,5.8328,14.3860,1.6167,0.6671,0.4473,7.6157,4.1873,0.0077,9.4745,0.0597,0.1832,2.9106,0.0000,518,215,120,1,1,6.6320,0.4054,0
142292,6548.0249,0.7817,17.6392,0.0323,16.7136,0.0009,10.8919,7.7740,28.1317,3.9508,0.1260,0.8315,6.1696,0.1817,0.0676,1.1665,0.0830,0.1242,0.5555,0.0000,426,184,120,1,1,8.8120,0.2763,0
88020,11548.0156,0.6219,16.9558,0.0100,15.0870,0.0004,8.5586,6.5560,16.6726,2.7374,0.1352,0.5952,6.5888,0.0598,0.0553,1.0930,0.0716,0.0939,0.6709,0.0000,1034,338,361,1,1,8.4880,0.3932,0
91092,15418.0303,0.9094,3.2706,0.1257,2.9533,0.0000,1.5523,5.7292,6.8954,1.0966,0.0901,0.5395,7.0673,0.0028,0.0703,0.8503,0.2327,0.0392,0.5250,0.0000,1004,338,361,1,1,6.5880,0.8309,0
137429,12022.6934,0.9344,6.7058,0.1041,5.0816,0.0078,2.3616,7.2700,8.3139,1.7889,0.0705,0.3716,7.2241,0.1086,0.0681,1.3717,0.1348,0.0415,0.4778,0.0000,457,215,120,1,1,8.4280,0.8744,0
147413,0.0000,0.0000,0.0000,0.0000,0.0000,0.0000,0.0000,0.0000,0.0000,0.0000,3.0841,3.0663,0.0484,0.0799,-0.0103,5.6321,0.7349,0.4176,4.8857,1.1509,396,154,120,1,0,0.0000,0.1790,0
160725,5771.6929,0.5142,328.2537,0.0000,286.6889,0.0001,143.7151,9.6312,20.7568,6.0130,0.0692,0.8746,7.8207,4.7968,0.0993,6.1957,0.0162,0.0787,0.3056,0.0000,212,92,59,1,1,9.7840,0.4640,0
60373,0.0000,0.0000,0.0000,0.0000,0.0000,0.0000,0.0000,0.0000,0.0000,0.0000,1.5945,2.4087,0.0005,0.0930,-0.0168,5.6138,0.7497,0.3640,1.9673,0.7681,1301,461,420,1,0,0.0000,0.1413,0
120790,10067.6982,0.6552,204.2271,0.0225,194.9437,0.0000,111.3129,8.4966,18.8125,2.9126,0.1981,0.4509,7.7012,4.5654,-0.0131,8.3453,0.0060,0.1836,0.8563,0.0000,638,215,240,1,1,9.3040,0.4516,0
147416,10751.8721,0.8763,3.9975,0.0529,3.3642,0.0031,1.8260,10.5268,7.2169,1.2496,0.0434,0.4932,7.3911,0.2117,0.0654,1.5252,0.1706,0.0528,0.2620,0.0000,396,154,120,1,1,11.6440,1.4586,0
27352,0.0000,0.0000,0.0000,0.0000,0.0000,0.0000,0.0000,0.0000,0.0000,0.0000,0.9806,0.9847,0.0000,0.0000,0.0074,4.9885,1.3716,0.3262,1.2553,0.3678,1301,461,420,1,0,0.0000,0.7586,0
147161,0.0000,0.0000,0.0000,0.0000,0.0000,0.0000,0.0000,0.0000,0.0000,0.0000,1.2499,1.1385,0.0000,0.0000,-0.0136,6.9034,0.9237,0.3300,1.7419,0.2809,396,154,120,1,0,0.0000,0.4590,0
147417,8022.6860,0.7298,1.4579,0.0133,1.2831,0.0001,0.7421,9.8160,3.9434,0.6044,0.0510,0.5678,6.3327,0.0109,0.0760,1.4271,0.2356,0.0480,0.2799,0.0000,396,154,120,1,1,10.9760,2.4892,0
168410,3362.1299,0.9239,9.2676,9.2676,7.7166,0.0111,3.9507,7.2896,40.8252,0.0000,0.0542,0.0542,7.4176,0.3482,0.0000,0.9760,1.0000,0.0360,0.2983,0.0000,92,92,0,1,1,7.9120,0.1786,0
145883,0.0000,0.0000,0.0000,0.0000,0.0000,0.0000,0.0000,0.0000,0.0000,0.0000,1.2310,1.4634,0.0000,0.0000,-0.0194,5.2269,0.7634,0.3417,2.5812,0.3170,396,154,120,1,0,0.0000,0.3748,0
131292,15781.9697,0.6151,117.7013,0.1375,102.3451,0.0020,49.8954,10.9608,41.1988,8.9231,0.1049,0.2079,7.2198,5.2120,0.0212,3.0015,0.0323,0.1465,0.5784,0.0000,730,277,240,1,1,12.2200,0.2660,0
141280,7101.3618,0.7371,65.7727,0.1245,55.0681,0.0011,25.6230,5.9748,68.7071,13.4500,0.0634,0.3561,7.6813,2.9019,0.0310,0.9062,0.0793,0.0615,0.3443,0.0000,426,184,120,1,1,6.9160,0.0870,0
166880,4877.7012,0.8115,8.9374,8.2604,8.1260,0.0016,4.6000,9.7588,39.5357,1.5508,0.1291,0.1014,7.2446,3.8561,-0.0015,2.6386,1.0978,0.0798,0.6869,0.0000,122,92,0,1,1,10.1960,0.2468,0
80353,0.0000,0.0000,0.0000,0.0000,0.0000,0.0000,0.0000,0.0000,0.0000,0.0000,0.9953,1.2534,0.0030,0.0007,0.0116,5.7141,0.4451,0.3164,1.8491,0.2240,1157,430,361,1,0,0.0000,1.2230,0
96737,8773.9268,0.8575,2.6554,0.2027,2.3569,0.0000,1.3096,4.4080,12.6175,1.9172,0.4366,1.7312,5.9608,0.0060,0.0822,1.8485,0.6730,0.1251,1.8128,0.0000,912,338,300,1,1,4.9600,0.3494,0
104931,26038.3848,0.7509,32.6655,0.0523,30.0030,0.0004,17.5116,13.9640,11.2841,1.6667,0.0744,0.0159,7.6542,4.9247,-0.0073,3.8521,0.0215,0.0464,0.0420,0.0000,791,338,240,1,1,14.8360,1.2375,0
147428,4523.6172,0.3990,3.2909,0.0018,2.9837,0.0001,1.6410,9.5512,6.4487,0.7202,0.4906,0.9102,5.8922,1.9532,0.0668,3.0504,0.1069,0.1143,2.9124,0.0000,396,154,120,1,1,10.1560,1.4811,0
157156,2917.0481,0.6044,45.9394,0.0144,44.7555,0.0001,30.5024,6.6988,10.5616,1.4775,0.2466,0.5316,6.8261,3.4098,0.0170,3.6203,0.0168,0.2802,0.8517,0.0000,273,92,120,1,1,7.8360,0.6343,0
98532,11560.4404,0.6765,259.3966,0.1292,239.5979,0.0017,129.0896,5.8470,120.2996,24.1150,0.1034,0.6178,7.6709,6.4035,0.0027,12.0159,0.0351,0.2368,0.5163,0.0000,912,338,300,1,1,7.4120,0.0486,0
131301,15502.6709,0.4263,49.8762,0.0794,45.6923,0.0023,25.5966,13.4460,49.9099,10.4066,0.0628,0.2977,7.5012,5.3641,0.0348,3.2186,0.0817,0.1291,0.2311,0.0000,760,307,240,1,1,15.1480,0.2694,0
109030,21744.3418,0.5970,4.2015,0.0362,3.9365,0.0000,2.1563,12.0068,9.4230,1.7483,0.2305,0.3681,6.2759,0.2342,0.0537,1.2218,0.2509,0.0880,0.5789,0.0000,943,338,331,1,1,12.8400,1.2742,0
174310,0.0000,0.0000,0.0000,0.0000,0.0000,0.0000,0.0000,0.0000,0.0000,0.0000,2.7241,2.7241,0.0000,0.0000,0.0000,8.1333,1.0000,0.3054,3.0838,1.5143,31,31,0,1,0,0.0000,0.4779,0
147431,6339.3989,0.7146,10.9958,0.0106,10.3845,0.0004,6.2026,9.3648,9.6588,1.3483,0.2746,0.2578,6.4612,2.2800,0.0046,4.0843,0.0537,0.1425,1.9324,0.0000,396,154,120,1,1,9.8600,0.9696,0
66535,0.0000,0.0000,0.0000,0.0000,0.0000,0.0000,0.0000,0.0000,0.0000,0.0000,1.0644,0.9090,6.5678,7.0992,-0.0050,8.7659,1.8733,0.3450,4.0199,0.4568,1301,461,420,1,0,0.0000,0.0236,0
162281,6256.3740,0.7514,20.6857,0.0000,17.2857,0.0003,8.2240,9.7928,35.3015,9.9009,0.4137,0.0000,7.1821,5.5456,0.1026,4.5626,523.0696,0.1125,3.8501,0.0000,181,92,28,1,1,10.4160,0.2774,0
164073,0.0000,0.0000,0.0000,0.0000,0.0000,0.0000,0.0000,0.0000,0.0000,0.0000,1.1794,1.0410,0.0000,0.0000,-0.0074,5.8915,0.9467,0.3273,1.6863,0.5230,153,92,0,1,0,0.0000,2.0908,0
163819,5432.1899,0.8693,253.0106,23.2305,220.5723,0.0010,106.3170,8.4348,116.3649,7.0767,0.0746,0.0114,7.7826,6.6922,-0.0089,3.5875,0.1198,0.1186,0.1988,0.0000,153,92,0,1,1,9.1520,0.0725,0
169451,3104.2161,0.7935,493.1241,493.1241,444.1563,0.0021,229.1681,7.8400,392.0000,0.0000,0.0449,0.0449,7.8493,7.8562,0.0000,2.8082,1.0000,0.1982,0.2050,0.0000,92,92,0,1,1,8.7920,0.0036,0
42987,15968.2432,0.7551,3.4473,0.0234,3.1995,0.0003,1.8384,7.1302,6.3009,0.8172,0.0586,0.5120,5.6707,0.1030,0.0590,1.2283,0.1228,0.0786,0.1821,0.0000,1270,461,420,1,1,8.1880,1.1316,0
135917,10132.8398,0.9234,11.3961,0.1381,8.8541,0.0070,4.0963,7.7712,15.1014,2.5398,0.1540,0.4638,7.4551,2.2042,0.0301,2.3790,0.0983,0.1164,0.9411,0.0000,457,215,120,1,1,9.0080,0.5146,0
146157,0.0000,0.0000,0.0000,0.0000,0.0000,0.0000,0.0000,0.0000,0.0000,0.0000,2.3704,12.2367,2.8761,4.0606,0.0456,4.8596,0.2317,0.3825,7.2099,0.1649,396,154,120,1,0,0.0000,0.1437,0
64237,18788.4355,0.7039,7.5129,0.0048,7.0058,0.0001,4.0819,8.3080,7.6825,1.1824,0.0399,0.4963,6.4521,0.6669,0.0669,1.2233,0.0743,0.0450,0.1083,0.0000,1270,461,420,1,1,10.0400,1.0814,0
131311,13160.3271,0.6080,2.2443,0.0197,2.0913,0.0026,1.3032,13.4804,9.7858,1.6436,0.0762,0.3359,4.9767,0.8591,0.0318,1.9359,0.5825,0.0721,0.5774,0.0000,699,246,240,1,1,15.4760,1.3776,0
102128,0.0000,0.0000,0.0000,0.0000,0.0000,0.0000,0.0000,0.0000,0.0000,0.0000,2.5237,1.0838,0.0000,0.0003,-0.0852,5.5260,0.3478,0.4205,8.7093,0.5225,852,338,240,1,0,0.0000,0.4845,0
164080,6969.0659,0.8431,1228.0270,119.0093,1014.0131,0.0054,483.9866,10.3060,515.3000,36.6391,0.0293,0.0220,7.9212,7.5731,-0.0118,11.7692,0.1267,0.1344,0.0875,0.0000,153,92,0,1,1,10.5160,0.0187,0
166128,3202.2239,0.8852,14.7581,12.7876,11.1250,0.0579,4.8531,5.4052,55.6780,2.1412,0.3504,0.3337,6.8668,0.6179,0.0018,1.1463,1.0116,0.1168,2.1770,0.0000,122,92,0,1,1,5.6120,0.0971,0
142065,0.0000,0.0000,0.0000,0.0000,0.0000,0.0000,0.0000,0.0000,0.0000,0.0000,0.0665,0.0821,7.9971,7.9976,0.0434,12.6588,0.9371,0.3665,0.0750,0.0125,426,184,120,1,0,0.0000,0.0015,0
146161,0.0000,0.0000,0.0000,0.0000,0.0000,0.0000,0.0000,0.0000,0.0000,0.0000,1.8088,0.9984,0.0000,0.0000,-0.0047,7.2057,0.1214,0.4009,4.3168,0.2535,396,154,120,1,0,0.0000,2.6959,0
101874,26713.9980,0.7077,3.2080,0.0166,3.0016,0.0000,1.6623,16.1968,10.7523,1.6147,0.3191,0.2626,6.1077,0.0022,0.0155,1.5552,0.2593,0.0728,2.0963,0.0000,821,338,240,1,1,17.4320,1.5064,0
142066,0.0000,0.0000,0.0000,0.0000,0.0000,0.0000,0.0000,0.0000,0.0000,0.0000,0.0721,0.1638,7.9868,7.8362,-0.0135,12.3706,0.3543,0.3174,0.0250,0.0500,426,184,120,1,0,0.0000,0.0024,0
61683,11725.0137,0.9693,201157.8125,33330.5703,169496.1562,181.8352,93955.6094,2.8520,142.6000,2324.4072,0.0000,0.0000,7.9984,8.0000,0.0312,12.9002,0.0143,0.0000,0.0000,0.0000,1301,461,420,1,1,3.2880,0.0000,0
66803,9968.9746,0.6409,20.3880,0.0029,17.5655,0.0000,8.3404,4.9044,9.3812,1.3694,0.1760,0.9238,6.9183,0.0604,0.0931,0.8159,0.0274,0.1016,0.6989,0.0000,1270,461,420,1,1,5.6960,0.5228,0
72179,20183.6758,0.7877,1.3886,0.0379,1.2496,0.0001,0.6769,8.5996,5.1201,0.6433,0.4199,1.6685,5.2115,0.0133,0.0699,2.0333,0.3150,0.1246,1.5658,0.0000,1239,461,389,1,1,9.4840,1.6796,0
164084,5357.4609,0.5613,238.7494,0.0000,209.9630,0.0000,102.1520,8.9500,84.5824,29.6986,0.0224,0.0000,7.8560,7.2461,0.1574,8.0978,38.8261,0.0641,0.1399,0.0000,212,92,59,1,1,9.2360,0.1058,0
66549,0.0000,0.0000,0.0000,0.0000,0.0000,0.0000,0.0000,0.0000,0.0000,0.0000,3.5546,4.9485,0.0743,0.3069,0.0248,7.5333,0.8758,0.3626,8.7474,0.6709,1270,461,420,1,0,0.0000,0.3571,0
169974,1707.2830,0.9836,2.9761,2.9761,2.4016,0.0013,1.2478,6.6488,16.5885,0.0000,0.2992,0.2992,5.2250,0.1186,0.0000,1.4870,1.0000,0.1050,1.8250,0.0000,61,61,0,1,1,7.0840,0.4008,0
62454,0.0000,0.0000,0.0000,0.0000,0.0000,0.0000,0.0000,0.0000,0.0000,0.0000,1.8348,2.3611,0.0217,0.0083,0.0217,7.3404,0.8906,0.3818,4.6145,0.5650,1270,461,420,1,0,0.0000,0.1915,0
84982,0.0000,0.0000,0.0000,0.0000,0.0000,0.0000,0.0000,0.0000,0.0000,0.0000,1.5266,0.7289,0.0007,0.0100,-0.0343,4.5013,0.5429,0.3068,3.9295,0.3979,1096,369,361,1,0,0.0000,0.5356,0
131063,8623.1982,0.6660,5.8574,0.0032,5.5021,0.0000,3.2684,8.3516,9.0158,1.3804,0.6312,1.0604,7.2035,3.6645,0.0408,4.2941,0.0970,0.1969,2.9570,0.0000,518,215,120,1,1,9.3680,0.9263,0
173816,0.0000,0.0000,0.0000,0.0000,0.0000,0.0000,0.0000,0.0000,0.0000,0.0000,1.0553,1.0553,0.0000,0.0000,0.0000,3.5956,1.0000,0.3235,1.3124,0.6371,31,31,0,1,0,0.0000,2.0492,0
131321,29091.9336,0.7680,9.1274,0.3092,7.5421,0.0026,3.7648,16.0292,19.4818,5.4570,0.0368,0.4484,7.5302,0.1108,0.0701,0.6514,0.5093,0.0191,0.2474,0.0000,638,215,240,1,1,17.7800,0.8228,0
109050,16681.5371,0.6731,22.4277,0.0090,20.8305,0.0004,11.3993,9.7336,13.0968,2.4430,0.0693,0.6604,6.8129,3.3341,0.0263,2.8901,0.0450,0.1393,0.2714,0.0000,881,338,269,1,1,10.6800,0.7432,0
131834,10542.5762,0.7819,17.9653,0.0074,16.5695,0.0007,9.3210,10.4676,13.1511,2.1404,0.3446,0.4226,5.8279,0.1448,-0.0181,1.1408,0.0390,0.1973,1.5635,0.0000,518,215,120,1,1,11.1040,0.7960,0
61179,0.0000,0.0000,0.0000,0.0000,0.0000,0.0000,0.0000,0.0000,0.0000,0.0000,4.6530,3.4631,0.0043,0.3158,-0.0265,6.9487,1.0422,0.4836,8.7810,0.7758,1270,461,420,1,0,0.0000,0.2202,0
170236,1857.1650,0.3525,35.3678,35.3678,28.8810,0.0226,12.5724,6.8650,174.7954,11.5330,2.6470,2.6470,6.1136,6.2636,0.0000,5.9959,1.3261,0.1589,13.0188,0.0000,122,92,0,1,1,7.5600,0.0393,0
146173,7813.9282,0.7045,10.0413,0.0041,9.1981,0.0001,5.1018,11.6396,4.8443,0.7002,0.0511,0.7669,6.1549,0.1092,0.0874,0.9468,0.0292,0.1223,0.2670,0.0000,396,154,120,1,1,12.6680,2.4027,0
89341,0.0000,0.0000,0.0000,0.0000,0.0000,0.0000,0.0000,0.0000,0.0000,0.0000,1.3197,1.5630,0.0007,0.0000,-0.0310,5.7798,0.2914,0.3838,2.1789,0.4753,1035,338,361,1,0,0.0000,0.7465,0
168959,2678.0239,0.7935,15.1103,15.1103,12.5648,0.0096,6.4071,6.2712,61.6303,0.0000,0.0833,0.0833,7.6215,0.1944,0.0000,0.7000,1.0000,0.0348,0.4644,0.0000,92,92,0,1,1,6.4920,0.1018,0
